ab:Date,ab:Total_End_Use,ab:Electricity_Total,ab:Natural_Gas_Total,ab:RPP_Total,ab:Biofuels_Emerging_Energy_Total,ab:Hydrogen_Total,ab:Other_Total,ab:Date_Residential,ab:Total_End_Use_Residential,ab:Electricity_Residential,ab:Natural_Gas_Residential,ab:RPP_Residential,ab:Biofuels_Emerging_Energy_Residential,ab:Hydrogen_Residential,ab:Other_Residential,ab:Date_Commercial,ab:Total_End_Use_Commercial,ab:Electricity_Commercial,ab:Natural_Gas_Commercial,ab:RPP_Commercial,ab:Biofuels_Emerging_Energy_Commercial,ab:Hydrogen_Commercial,ab:Other_Commercial,ab:Date_Industrial,ab:Total_End_Use_Industrial,ab:Electricity_Industrial,ab:Natural_Gas_Industrial,ab:RPP_Industrial,ab:Biofuels_Emerging_Energy_Industrial,ab:Hydrogen_Industrial,ab:Other_Industrial,ab:Date_Transportation,ab:Total_End_Use_Transportation,ab:Electricity_Transportation,ab:LPG_Transportation,ab:Natural_Gas_Transportation,ab:Biofuels_Transportation,ab:Hydrogen_Transportation,ab:Aviation_Fuel_Transportation,ab:Diesel_Transportation,ab:Heavy_Fuel_Oil_Transportation,ab:Lubricants_Transportation,ab:Motor_Gasoline_Transportation,bc:Date,bc:Total_End_Use,bc:Electricity_Total,bc:Natural_Gas_Total,bc:RPP_Total,bc:Biofuels_Emerging_Energy_Total,bc:Hydrogen_Total,bc:Other_Total,bc:Date_Residential,bc:Total_End_Use_Residential,bc:Electricity_Residential,bc:Natural_Gas_Residential,bc:RPP_Residential,bc:Biofuels_Emerging_Energy_Residential,bc:Hydrogen_Residential,bc:Other_Residential,bc:Date_Commercial,bc:Total_End_Use_Commercial,bc:Electricity_Commercial,bc:Natural_Gas_Commercial,bc:RPP_Commercial,bc:Biofuels_Emerging_Energy_Commercial,bc:Hydrogen_Commercial,bc:Other_Commercial,bc:Date_Industrial,bc:Total_End_Use_Industrial,bc:Electricity_Industrial,bc:Natural_Gas_Industrial,bc:RPP_Industrial,bc:Biofuels_Emerging_Energy_Industrial,bc:Hydrogen_Industrial,bc:Other_Industrial,bc:Date_Transportation,bc:Total_End_Use_Transportation,bc:Electricity_Transportation,bc:LPG_Transportation,bc:Natural_Gas_Transportation,bc:Biofuels_Transportation,bc:Hydrogen_Transportation,bc:Aviation_Fuel_Transportation,bc:Diesel_Transportation,bc:Heavy_Fuel_Oil_Transportation,bc:Lubricants_Transportation,bc:Motor_Gasoline_Transportation,can:Date,can:Total_End_Use,can:Electricity_Total,can:Natural_Gas_Total,can:RPP_Total,can:Biofuels_Emerging_Energy_Total,can:Hydrogen_Total,can:Other_Total,can:Date_Residential,can:Total_End_Use_Residential,can:Electricity_Residential,can:Natural_Gas_Residential,can:RPP_Residential,can:Biofuels_Emerging_Energy_Residential,can:Hydrogen_Residential,can:Other_Residential,can:Date_Commercial,can:Total_End_Use_Commercial,can:Electricity_Commercial,can:Natural_Gas_Commercial,can:RPP_Commercial,can:Biofuels_Emerging_Energy_Commercial,can:Hydrogen_Commercial,can:Other_Commercial,can:Date_Industrial,can:Total_End_Use_Industrial,can:Electricity_Industrial,can:Natural_Gas_Industrial,can:RPP_Industrial,can:Biofuels_Emerging_Energy_Industrial,can:Hydrogen_Industrial,can:Other_Industrial,can:Date_Transportation,can:Total_End_Use_Transportation,can:Electricity_Transportation,can:LPG_Transportation,can:Natural_Gas_Transportation,can:Biofuels_Transportation,can:Hydrogen_Transportation,can:Aviation_Fuel_Transportation,can:Diesel_Transportation,can:Heavy_Fuel_Oil_Transportation,can:Lubricants_Transportation,can:Motor_Gasoline_Transportation,mb:Date,mb:Total_End_Use,mb:Electricity_Total,mb:Natural_Gas_Total,mb:RPP_Total,mb:Biofuels_Emerging_Energy_Total,mb:Hydrogen_Total,mb:Other_Total,mb:Date_Residential,mb:Total_End_Use_Residential,mb:Electricity_Residential,mb:Natural_Gas_Residential,mb:RPP_Residential,mb:Biofuels_Emerging_Energy_Residential,mb:Hydrogen_Residential,mb:Other_Residential,mb:Date_Commercial,mb:Total_End_Use_Commercial,mb:Electricity_Commercial,mb:Natural_Gas_Commercial,mb:RPP_Commercial,mb:Biofuels_Emerging_Energy_Commercial,mb:Hydrogen_Commercial,mb:Other_Commercial,mb:Date_Industrial,mb:Total_End_Use_Industrial,mb:Electricity_Industrial,mb:Natural_Gas_Industrial,mb:RPP_Industrial,mb:Biofuels_Emerging_Energy_Industrial,mb:Hydrogen_Industrial,mb:Other_Industrial,mb:Date_Transportation,mb:Total_End_Use_Transportation,mb:Electricity_Transportation,mb:LPG_Transportation,mb:Natural_Gas_Transportation,mb:Biofuels_Transportation,mb:Hydrogen_Transportation,mb:Aviation_Fuel_Transportation,mb:Diesel_Transportation,mb:Heavy_Fuel_Oil_Transportation,mb:Lubricants_Transportation,mb:Motor_Gasoline_Transportation,on:Date,on:Total_End_Use,on:Electricity_Total,on:Natural_Gas_Total,on:RPP_Total,on:Biofuels_Emerging_Energy_Total,on:Hydrogen_Total,on:Other_Total,on:Date_Residential,on:Total_End_Use_Residential,on:Electricity_Residential,on:Natural_Gas_Residential,on:RPP_Residential,on:Biofuels_Emerging_Energy_Residential,on:Hydrogen_Residential,on:Other_Residential,on:Date_Commercial,on:Total_End_Use_Commercial,on:Electricity_Commercial,on:Natural_Gas_Commercial,on:RPP_Commercial,on:Biofuels_Emerging_Energy_Commercial,on:Hydrogen_Commercial,on:Other_Commercial,on:Date_Industrial,on:Total_End_Use_Industrial,on:Electricity_Industrial,on:Natural_Gas_Industrial,on:RPP_Industrial,on:Biofuels_Emerging_Energy_Industrial,on:Hydrogen_Industrial,on:Other_Industrial,on:Date_Transportation,on:Total_End_Use_Transportation,on:Electricity_Transportation,on:LPG_Transportation,on:Natural_Gas_Transportation,on:Biofuels_Transportation,on:Hydrogen_Transportation,on:Aviation_Fuel_Transportation,on:Diesel_Transportation,on:Heavy_Fuel_Oil_Transportation,on:Lubricants_Transportation,on:Motor_Gasoline_Transportation,qc:Date,qc:Total_End_Use,qc:Electricity_Total,qc:Natural_Gas_Total,qc:RPP_Total,qc:Biofuels_Emerging_Energy_Total,qc:Hydrogen_Total,qc:Other_Total,qc:Date_Residential,qc:Total_End_Use_Residential,qc:Electricity_Residential,qc:Natural_Gas_Residential,qc:RPP_Residential,qc:Biofuels_Emerging_Energy_Residential,qc:Hydrogen_Residential,qc:Other_Residential,qc:Date_Commercial,qc:Total_End_Use_Commercial,qc:Electricity_Commercial,qc:Natural_Gas_Commercial,qc:RPP_Commercial,qc:Biofuels_Emerging_Energy_Commercial,qc:Hydrogen_Commercial,qc:Other_Commercial,qc:Date_Industrial,qc:Total_End_Use_Industrial,qc:Electricity_Industrial,qc:Natural_Gas_Industrial,qc:RPP_Industrial,qc:Biofuels_Emerging_Energy_Industrial,qc:Hydrogen_Industrial,qc:Other_Industrial,qc:Date_Transportation,qc:Total_End_Use_Transportation,qc:Electricity_Transportation,qc:LPG_Transportation,qc:Natural_Gas_Transportation,qc:Biofuels_Transportation,qc:Hydrogen_Transportation,qc:Aviation_Fuel_Transportation,qc:Diesel_Transportation,qc:Heavy_Fuel_Oil_Transportation,qc:Lubricants_Transportation,qc:Motor_Gasoline_Transportation,sk:Date,sk:Total_End_Use,sk:Electricity_Total,sk:Natural_Gas_Total,sk:RPP_Total,sk:Biofuels_Emerging_Energy_Total,sk:Hydrogen_Total,sk:Other_Total,sk:Date_Residential,sk:Total_End_Use_Residential,sk:Electricity_Residential,sk:Natural_Gas_Residential,sk:RPP_Residential,sk:Biofuels_Emerging_Energy_Residential,sk:Hydrogen_Residential,sk:Other_Residential,sk:Date_Commercial,sk:Total_End_Use_Commercial,sk:Electricity_Commercial,sk:Natural_Gas_Commercial,sk:RPP_Commercial,sk:Biofuels_Emerging_Energy_Commercial,sk:Hydrogen_Commercial,sk:Other_Commercial,sk:Date_Industrial,sk:Total_End_Use_Industrial,sk:Electricity_Industrial,sk:Natural_Gas_Industrial,sk:RPP_Industrial,sk:Biofuels_Emerging_Energy_Industrial,sk:Hydrogen_Industrial,sk:Other_Industrial,sk:Date_Transportation,sk:Total_End_Use_Transportation,sk:Electricity_Transportation,sk:LPG_Transportation,sk:Natural_Gas_Transportation,sk:Biofuels_Transportation,sk:Hydrogen_Transportation,sk:Aviation_Fuel_Transportation,sk:Diesel_Transportation,sk:Heavy_Fuel_Oil_Transportation,sk:Lubricants_Transportation,sk:Motor_Gasoline_Transportation
2005,2798.72,211.84,1338.7,1125.47,113.01,0.0,9.7,2005,180.68,27.97,146.89,1.22,4.6,0.0,0.0,2005,285.2,45.73,164.11,75.36,0.0,0.0,0.0,2005,1962.2,137.6,1027.61,679.45,107.84,0.0,9.7,2005,370.64,0.54,2.37,0.09,0.57,0.0,33.06,159.31,0.0,0.33,174.36,2005,1289.04,227.8,365.95,453.4,229.07,0.0,12.83,2005,162.35,63.41,79.06,4.36,15.0,0.0,0.52,2005,137.16,52.68,72.19,12.29,0.0,0.0,0.0,2005,640.89,111.2,214.54,88.87,213.98,0.0,12.3,2005,348.64,0.51,3.98,0.16,0.08,0.0,57.04,92.06,35.95,0.44,158.42,2005,10670.26,1874.59,3283.57,4598.94,722.59,0.0,190.58,2005,1495.12,543.37,646.6,138.92,164.78,0.0,1.44,2005,1375.97,439.43,702.98,233.56,0.0,0.0,0.0,2005,5314.22,888.25,1932.11,1758.0,546.73,0.0,189.13,2005,2484.96,3.53,11.91,1.88,11.08,0.0,259.27,745.27,82.97,3.29,1365.76,2005,289.52,73.15,91.74,111.65,11.81,0.0,1.18,2005,46.78,22.45,20.74,0.39,3.2,0.0,0.0,2005,61.67,20.54,38.38,2.74,0.0,0.0,0.0,2005,103.71,30.16,32.58,31.36,8.43,0.0,1.18,2005,77.37,0.0,0.18,0.04,0.17,0.0,8.11,25.47,0.0,0.2,43.2,2005,3077.09,469.62,935.63,1413.47,125.65,0.0,132.72,2005,586.31,164.27,342.54,42.0,37.5,0.0,0.0,2005,486.49,142.12,281.57,62.79,0.0,0.0,0.0,2005,1128.31,161.82,310.01,445.27,78.5,0.0,132.72,2005,875.98,1.41,4.39,1.51,9.66,0.0,87.59,227.88,10.37,1.63,531.54,2005,1925.86,693.59,200.01,843.2,165.09,0.0,23.98,2005,362.66,206.31,27.01,52.94,76.4,0.0,0.0,2005,246.37,127.26,77.53,41.58,0.0,0.0,0.0,2005,829.9,358.97,95.42,263.28,88.24,0.0,23.98,2005,486.94,1.05,0.71,0.05,0.45,0.0,40.82,122.0,28.27,0.43,293.17,2005,565.68,60.8,311.3,184.03,4.41,0.0,5.13,2005,44.19,10.43,29.42,1.02,2.4,0.0,0.92,2005,88.28,18.66,65.76,3.85,0.0,0.0,0.0,2005,339.14,31.7,216.09,85.23,1.9,0.0,4.21,2005,94.08,0.0,0.13,0.04,0.11,0.0,2.65,38.1,0.0,0.1,52.94
2006,2954.28,222.61,1446.42,1194.21,80.75,0.0,10.29,2006,183.22,29.64,147.96,1.23,4.4,0.0,0.0,2006,304.29,48.34,168.62,87.32,0.0,0.0,0.0,2006,2074.45,144.27,1129.75,714.35,75.78,0.0,10.29,2006,392.33,0.36,2.48,0.09,0.57,0.0,34.43,173.69,0.0,0.33,180.39,2006,1222.94,218.67,310.06,457.09,222.75,0.0,14.37,2006,163.87,63.78,81.62,4.46,13.8,0.0,0.21,2006,129.76,53.77,68.17,7.81,0.0,0.0,0.0,2006,587.17,100.69,160.11,103.76,208.44,0.0,14.16,2006,342.15,0.42,3.03,0.16,0.51,0.0,57.71,88.92,34.97,0.4,156.04,2006,10645.65,1855.29,3259.21,4649.2,676.14,0.0,205.81,2006,1442.54,530.64,618.73,130.54,161.25,0.0,1.39,2006,1303.59,430.99,657.36,215.24,0.0,0.0,0.0,2006,5432.77,890.16,1981.24,1854.43,502.51,0.0,204.43,2006,2466.75,3.5,11.64,1.88,12.39,0.0,257.55,740.77,68.7,3.25,1367.07,2006,280.26,67.53,82.32,116.43,12.8,0.0,1.19,2006,41.57,20.36,17.61,0.41,3.2,0.0,0.0,2006,56.39,19.76,34.03,2.6,0.0,0.0,0.0,2006,103.48,27.41,30.65,34.83,9.4,0.0,1.19,2006,78.82,0.0,0.18,0.04,0.19,0.0,8.48,23.88,0.0,0.19,45.86,2006,3002.36,473.94,867.08,1400.52,119.01,0.0,141.81,2006,544.74,153.59,315.39,39.36,36.4,0.0,0.0,2006,436.77,135.76,253.4,47.61,0.0,0.0,0.0,2006,1191.12,183.0,296.78,496.42,73.12,0.0,141.81,2006,829.72,1.6,5.11,1.51,9.48,0.0,62.23,213.32,10.1,1.56,524.81,2006,1922.07,684.04,199.87,851.06,160.51,0.0,26.59,2006,353.33,205.28,24.06,47.49,76.5,0.0,0.0,2006,232.66,123.92,72.42,36.33,0.0,0.0,0.0,2006,830.57,353.76,103.35,264.04,82.84,0.0,26.59,2006,505.51,1.08,0.55,0.05,1.17,0.0,66.84,126.28,18.82,0.49,290.23,2006,565.97,61.06,306.38,187.52,5.41,0.0,5.6,2006,46.21,10.5,31.21,0.92,2.4,0.0,1.18,2006,80.12,20.17,56.82,3.14,0.0,0.0,0.0,2006,339.34,30.38,218.32,83.62,2.59,0.0,4.42,2006,100.3,0.0,0.13,0.04,0.42,0.0,2.95,38.99,0.0,0.12,57.65
2007,3127.68,222.51,1591.84,1225.59,78.06,0.0,9.68,2007,213.22,30.81,175.89,1.29,5.1,0.0,0.13,2007,281.68,48.89,142.1,90.69,0.0,0.0,0.0,2007,2209.01,142.37,1273.75,710.94,72.39,0.0,9.55,2007,423.77,0.44,2.5,0.09,0.57,0.0,36.74,192.61,0.0,0.52,190.3,2007,1235.08,219.55,321.1,466.94,212.07,0.0,15.42,2007,165.93,66.11,80.62,4.72,14.4,0.0,0.07,2007,133.05,54.7,70.68,7.67,0.0,0.0,0.0,2007,583.91,98.22,169.64,103.76,196.95,0.0,15.34,2007,352.19,0.51,4.32,0.16,0.72,0.0,56.82,89.58,42.1,0.42,157.57,2007,11008.81,1878.76,3483.26,4771.9,675.16,0.0,199.74,2007,1550.85,557.95,685.7,143.7,162.06,0.0,1.45,2007,1303.9,439.88,647.38,216.63,0.0,0.0,0.0,2007,5585.41,877.65,2148.29,1874.0,487.19,0.0,198.29,2007,2568.64,3.28,13.79,1.89,25.91,0.0,261.44,773.05,84.45,3.29,1401.55,2007,295.37,71.36,87.41,123.3,12.08,0.0,1.23,2007,50.26,26.73,19.86,0.47,3.2,0.0,0.0,2007,56.4,19.09,33.71,3.6,0.0,0.0,0.0,2007,107.98,25.55,33.8,38.64,8.76,0.0,1.23,2007,80.73,0.0,0.22,0.04,0.11,0.0,8.66,23.82,0.0,0.19,47.68,2007,3068.89,476.15,909.64,1424.16,123.28,0.0,135.67,2007,585.93,156.66,353.34,39.54,36.4,0.0,0.0,2007,433.28,129.43,257.29,46.56,0.0,0.0,0.0,2007,1204.92,188.89,297.5,513.45,69.42,0.0,135.67,2007,844.76,1.17,5.76,1.51,17.46,0.0,63.88,216.45,9.19,1.31,528.02,2007,1958.25,684.75,209.6,873.69,162.99,0.0,27.22,2007,371.06,217.37,25.18,52.11,76.4,0.0,0.0,2007,236.69,132.44,70.98,33.28,0.0,0.0,0.0,2007,818.83,333.79,113.41,261.5,82.91,0.0,27.22,2007,531.67,1.15,0.67,0.05,3.68,0.0,65.13,131.1,25.67,0.57,303.65,2007,593.98,65.17,314.05,201.29,8.18,0.0,5.29,2007,45.36,10.94,30.13,0.74,2.3,0.0,1.24,2007,92.14,20.23,68.61,3.3,0.0,0.0,0.0,2007,347.66,33.99,215.27,91.79,2.56,0.0,4.05,2007,108.83,0.0,0.13,0.04,3.32,0.0,3.22,41.51,0.0,0.11,60.48
2008,3059.32,224.84,1582.86,1170.22,72.17,0.0,9.23,2008,211.12,31.8,171.93,1.42,5.8,0.0,0.18,2008,283.56,49.95,136.88,96.74,0.0,0.0,0.0,2008,2145.09,142.78,1273.96,654.26,65.03,0.0,9.06,2008,419.55,0.32,1.71,0.09,1.34,0.0,36.26,192.75,0.0,0.51,186.58,2008,1181.85,213.86,321.2,461.51,170.66,0.0,14.61,2008,166.37,67.44,80.53,3.7,14.7,0.0,0.0,2008,137.78,54.89,75.05,7.84,0.0,0.0,0.0,2008,521.22,90.92,165.45,95.6,154.63,0.0,14.61,2008,356.48,0.61,5.26,0.16,1.33,0.0,60.31,100.01,34.74,0.46,153.61,2008,10789.02,1882.82,3483.87,4597.03,632.95,0.0,192.35,2008,1551.76,562.93,691.0,131.53,164.85,0.0,1.46,2008,1311.78,455.32,642.78,213.68,0.0,0.0,0.0,2008,5399.74,860.8,2148.21,1768.89,430.94,0.0,190.9,2008,2525.74,3.78,14.36,1.89,37.15,0.0,246.07,789.78,84.9,3.07,1344.74,2008,291.5,73.05,87.08,115.58,14.75,0.0,1.04,2008,52.3,27.6,21.2,0.51,3.0,0.0,0.0,2008,54.72,19.02,31.86,3.84,0.0,0.0,0.0,2008,108.21,26.43,33.99,38.22,8.52,0.0,1.04,2008,76.28,0.0,0.25,0.04,3.23,0.0,8.97,25.1,0.0,0.17,38.53,2008,3037.26,481.54,905.42,1392.07,125.78,0.0,132.45,2008,589.23,155.09,359.25,36.49,38.4,0.0,0.0,2008,430.83,137.36,247.86,45.61,0.0,0.0,0.0,2008,1189.9,187.53,296.79,507.41,65.71,0.0,132.45,2008,827.3,1.56,6.24,1.51,21.67,0.0,70.42,215.56,8.99,1.18,500.18,2008,1915.39,688.75,208.27,832.91,161.62,0.0,23.84,2008,363.52,220.29,25.43,43.4,74.4,0.0,0.0,2008,237.17,138.28,69.38,29.51,0.0,0.0,0.0,2008,800.63,328.9,113.42,251.63,82.85,0.0,23.84,2008,514.07,1.28,0.55,0.05,4.37,0.0,38.85,144.68,35.83,0.52,287.94,2008,595.77,65.59,327.87,188.54,8.95,0.0,4.82,2008,47.02,11.22,31.71,0.71,2.1,0.0,1.28,2008,100.23,20.6,76.85,2.79,0.0,0.0,0.0,2008,336.91,33.77,219.28,78.64,1.69,0.0,3.54,2008,111.6,0.0,0.14,0.04,5.17,0.0,3.49,43.34,0.0,0.11,59.31
2009,3070.0,225.57,1578.86,1179.97,76.03,0.0,9.56,2009,209.4,32.72,168.61,1.33,6.5,0.0,0.24,2009,278.16,50.27,132.05,95.84,0.0,0.0,0.0,2009,2166.06,142.24,1278.11,668.15,68.25,0.0,9.32,2009,416.38,0.35,1.56,0.09,1.28,0.0,33.44,196.57,0.0,0.35,182.73,2009,1155.48,214.65,314.42,430.85,184.27,0.0,11.3,2009,167.51,69.41,81.02,3.28,13.8,0.0,0.0,2009,130.51,53.94,68.61,7.95,0.0,0.0,0.0,2009,516.01,90.62,164.51,80.88,168.7,0.0,11.3,2009,341.45,0.67,4.14,0.28,1.77,0.0,55.03,85.36,36.17,0.29,157.75,2009,10458.62,1823.24,3408.28,4459.24,615.31,0.0,152.54,2009,1525.84,577.74,660.54,126.46,159.78,0.0,1.31,2009,1277.72,444.83,633.45,199.43,0.01,0.0,0.0,2009,5149.75,797.24,2112.4,1675.22,413.67,0.0,151.23,2009,2505.31,3.43,12.36,1.89,41.85,0.0,222.87,770.6,86.98,2.25,1363.08,2009,279.72,72.2,81.49,110.55,14.75,0.0,0.73,2009,52.25,28.47,20.36,0.43,3.0,0.0,0.0,2009,49.64,19.47,27.81,2.37,0.0,0.0,0.0,2009,96.38,24.27,33.29,30.74,7.35,0.0,0.73,2009,81.45,0.0,0.22,0.04,4.39,0.0,8.6,29.01,0.0,0.13,39.06,2009,2804.29,454.89,826.4,1308.98,111.71,0.0,102.32,2009,563.27,158.72,329.3,37.24,38.0,0.0,0.0,2009,408.6,135.44,231.24,41.92,0.0,0.0,0.0,2009,998.34,159.58,264.45,422.27,49.71,0.0,102.32,2009,834.09,1.15,5.62,1.4,23.99,0.0,63.24,212.34,7.92,0.6,517.82,2009,1858.58,659.59,230.33,806.74,144.93,0.0,16.98,2009,363.51,226.18,27.01,39.12,71.2,0.0,0.0,2009,246.77,130.31,91.66,24.8,0.0,0.0,0.0,2009,748.25,301.86,111.62,248.58,69.21,0.0,16.98,2009,500.05,1.26,0.5,0.05,4.52,0.0,31.4,132.59,34.56,0.69,294.5,2009,606.07,65.42,329.43,198.22,8.74,0.0,4.25,2009,48.82,11.77,32.94,1.04,2.0,0.0,1.07,2009,100.79,20.56,76.45,3.78,0.0,0.0,0.0,2009,336.44,33.09,220.0,79.27,0.89,0.0,3.18,2009,120.02,0.0,0.17,0.04,5.85,0.0,3.23,48.43,0.0,0.07,62.24
2010,3198.89,226.28,1651.4,1234.8,76.52,0.0,9.89,2010,201.66,32.65,160.03,1.62,7.1,0.0,0.26,2010,282.26,51.13,127.42,103.71,0.0,0.0,0.0,2010,2276.84,142.1,1363.85,695.48,65.77,0.0,9.64,2010,438.14,0.39,1.28,0.09,3.66,0.0,34.76,211.53,0.0,0.31,186.12,2010,1176.54,210.25,305.52,444.85,204.6,0.0,11.32,2010,150.81,67.62,67.22,2.67,13.3,0.0,0.0,2010,128.24,53.97,63.36,10.91,0.0,0.0,0.0,2010,544.09,87.89,174.55,88.24,182.09,0.0,11.32,2010,353.4,0.77,4.32,0.39,9.2,0.0,62.21,90.62,37.64,0.29,147.96,2010,10741.6,1840.06,3426.61,4658.44,644.17,0.0,172.32,2010,1485.57,574.18,617.99,120.88,171.01,0.0,1.52,2010,1261.51,454.44,591.2,215.87,0.01,0.0,0.0,2010,5405.92,807.85,2215.53,1794.09,417.65,0.0,170.81,2010,2588.6,3.59,12.66,1.9,55.51,0.0,231.25,818.83,86.15,2.03,1376.68,2010,271.08,70.39,72.93,111.55,15.85,0.0,0.37,2010,49.93,27.49,18.63,0.51,3.3,0.0,0.0,2010,43.54,18.49,23.17,1.88,0.0,0.0,0.0,2010,90.73,24.4,31.1,27.05,7.81,0.0,0.37,2010,86.88,0.0,0.16,0.04,4.74,0.0,9.17,29.73,0.0,0.13,42.93,2010,2941.63,483.97,793.78,1420.01,124.49,0.0,119.39,2010,563.18,169.8,312.59,37.49,43.3,0.0,0.0,2010,408.44,149.03,215.0,44.42,0.0,0.0,0.0,2010,1114.59,163.97,264.89,511.06,55.27,0.0,119.39,2010,855.42,1.17,5.99,1.29,25.92,0.0,59.52,226.62,13.84,0.59,520.48,2010,1812.24,646.94,226.16,771.69,148.03,0.0,19.42,2010,348.45,216.06,22.46,33.13,76.8,0.0,0.0,2010,241.28,129.29,87.06,24.93,0.0,0.0,0.0,2010,718.95,300.34,116.6,216.55,66.04,0.0,19.42,2010,503.56,1.25,0.62,0.05,5.18,0.0,35.23,134.11,27.47,0.56,299.09,2010,620.87,69.4,322.97,214.28,9.78,0.0,4.44,2010,51.85,11.82,35.97,0.9,1.9,0.0,1.26,2010,93.78,19.6,69.78,4.4,0.0,0.0,0.0,2010,344.46,37.98,217.18,85.06,1.06,0.0,3.18,2010,130.78,0.0,0.15,0.04,6.82,0.0,3.67,53.24,0.0,0.07,66.79
2011,3324.77,235.39,1744.85,1244.72,89.78,0.0,10.02,2011,213.12,33.6,169.73,1.89,7.6,0.0,0.31,2011,298.67,52.7,134.45,111.5,0.0,0.0,0.02,2011,2391.38,148.59,1440.36,723.94,68.78,0.0,9.7,2011,421.6,0.51,1.63,0.31,13.4,0.0,32.37,213.64,0.0,0.23,159.51,2011,1183.42,210.47,342.77,416.66,202.18,0.0,11.34,2011,169.36,70.47,83.74,2.05,13.1,0.0,0.0,2011,128.89,54.5,69.45,4.94,0.0,0.0,0.0,2011,554.36,84.76,189.02,91.75,177.49,0.0,11.34,2011,330.81,0.73,3.98,0.57,11.59,0.0,64.87,87.11,24.78,0.3,136.87,2011,11071.4,1879.68,3651.75,4668.61,677.08,0.0,194.28,2011,1565.52,591.31,681.25,118.98,173.02,0.0,0.95,2011,1310.65,469.5,615.38,225.74,0.0,0.0,0.02,2011,5611.15,815.15,2353.5,1835.4,413.78,0.0,193.31,2011,2584.08,3.72,13.84,1.61,90.27,0.0,234.42,857.74,61.19,3.04,1318.25,2011,279.11,72.67,76.73,113.24,16.07,0.0,0.4,2011,52.55,28.83,20.18,0.34,3.2,0.0,0.0,2011,45.56,19.48,24.23,1.85,0.0,0.0,0.0,2011,93.4,24.35,32.33,28.43,7.89,0.0,0.4,2011,87.59,0.0,0.15,0.0,4.97,0.0,9.04,32.5,0.0,0.14,40.8,2011,3035.28,496.61,862.22,1403.2,141.74,0.0,131.5,2011,596.79,167.39,349.86,34.34,45.2,0.0,0.0,2011,432.31,160.03,228.59,43.7,0.0,0.0,0.0,2011,1151.74,168.01,283.09,514.74,54.39,0.0,131.5,2011,854.43,1.18,7.15,0.68,42.15,0.0,57.09,240.26,9.35,1.89,494.67,2011,1853.99,663.13,238.19,763.98,156.09,0.0,32.6,2011,355.15,227.92,22.06,28.48,76.7,0.0,0.0,2011,241.93,128.32,86.31,27.31,0.0,0.0,0.0,2011,735.28,305.61,129.81,197.55,69.71,0.0,32.6,2011,521.62,1.29,0.65,0.02,9.68,0.0,40.76,144.11,21.65,0.33,303.14,2011,639.94,71.34,327.82,228.26,10.47,0.0,2.05,2011,50.02,12.28,34.62,0.67,1.8,0.0,0.65,2011,90.42,20.07,65.96,4.39,0.0,0.0,0.0,2011,378.47,38.99,227.22,109.51,1.35,0.0,1.4,2011,121.03,0.0,0.14,0.03,7.32,0.0,3.86,53.44,0.0,0.08,56.16
2012,3569.17,243.92,1878.47,1344.01,97.13,0.0,5.65,2012,212.75,33.88,168.17,2.29,8.2,0.0,0.2,2012,400.75,54.85,137.07,207.55,0.0,0.0,1.27,2012,2511.24,154.81,1572.9,707.02,72.34,0.0,4.17,2012,444.43,0.38,1.37,0.33,16.59,0.0,34.9,220.63,0.0,0.23,170.01,2012,1198.42,209.2,358.9,410.12,212.47,0.0,7.73,2012,161.43,68.54,78.16,1.73,13.0,0.0,0.0,2012,130.64,55.09,69.43,6.13,0.0,0.0,0.0,2012,573.49,84.78,210.63,82.89,187.46,0.0,7.73,2012,332.86,0.8,3.69,0.68,12.01,0.0,57.55,91.45,25.87,0.17,140.64,2012,11233.99,1863.67,3711.09,4789.74,688.12,0.0,181.37,2012,1502.83,589.29,631.6,105.94,175.23,0.0,0.77,2012,1369.96,463.47,577.92,327.3,0.0,0.0,1.27,2012,5749.0,807.23,2499.85,1840.11,422.5,0.0,179.32,2012,2612.2,3.68,14.6,1.72,90.4,0.0,272.96,842.13,62.84,3.45,1320.43,2012,298.56,75.48,75.13,130.31,17.08,0.0,0.57,2012,51.64,28.11,19.96,0.37,3.2,0.0,0.0,2012,44.03,18.06,22.78,3.19,0.0,0.0,0.0,2012,102.66,29.31,32.39,32.37,8.03,0.0,0.57,2012,100.23,0.0,0.17,0.0,5.86,0.0,8.86,34.16,0.0,0.22,50.96,2012,2982.72,489.71,802.44,1430.11,128.94,0.0,131.52,2012,558.24,170.02,308.74,32.58,46.9,0.0,0.0,2012,413.97,150.58,209.24,54.16,0.0,0.0,0.0,2012,1179.96,167.97,283.86,553.64,42.97,0.0,131.52,2012,830.55,1.14,8.34,0.6,39.07,0.0,68.08,237.28,11.53,1.45,463.06,2012,1829.49,644.24,228.23,780.1,149.38,0.0,27.54,2012,349.89,226.54,22.04,24.61,76.7,0.0,0.0,2012,223.77,130.02,70.78,22.97,0.0,0.0,0.0,2012,705.41,286.31,135.31,191.63,64.63,0.0,27.54,2012,550.41,1.37,0.71,0.1,8.06,0.0,77.48,141.01,20.85,1.13,299.72,2012,634.05,71.07,311.86,230.61,18.54,0.0,1.97,2012,48.73,12.0,33.45,1.01,1.7,0.0,0.57,2012,86.79,20.07,61.95,4.77,0.0,0.0,0.0,2012,368.83,38.99,216.44,102.36,9.63,0.0,1.4,2012,129.7,0.0,0.2,0.02,7.21,0.0,4.15,52.26,0.0,0.1,65.77
2013,3650.27,246.92,1971.29,1317.67,108.68,0.0,5.69,2013,214.53,34.84,169.6,1.97,7.9,0.0,0.22,2013,341.32,59.29,147.46,133.34,0.0,0.0,1.24,2013,2617.89,152.41,1653.92,724.38,82.94,0.0,4.24,2013,476.53,0.38,1.62,0.31,17.84,0.0,38.43,233.64,0.0,0.14,184.16,2013,1206.54,209.38,361.74,422.63,207.35,0.0,5.44,2013,161.71,69.62,77.85,1.45,12.8,0.0,0.0,2013,130.88,53.36,69.71,7.81,0.0,0.0,0.0,2013,571.58,85.65,213.65,86.31,180.53,0.0,5.44,2013,342.37,0.76,3.32,0.53,14.02,0.0,59.7,98.29,21.77,0.27,143.72,2013,11396.55,1902.27,3916.04,4693.81,727.47,0.0,156.96,2013,1561.01,611.3,683.44,91.62,173.92,0.0,0.73,2013,1352.01,481.0,624.36,245.41,0.0,0.0,1.24,2013,5826.91,805.89,2606.76,1811.28,447.97,0.0,155.0,2013,2656.63,4.08,11.97,1.49,105.57,0.0,284.39,851.93,59.38,1.17,1336.65,2013,308.36,79.16,84.21,127.03,17.52,0.0,0.44,2013,57.91,30.9,23.29,0.62,3.1,0.0,0.0,2013,52.36,20.8,28.67,2.89,0.0,0.0,0.0,2013,103.35,27.47,32.25,34.72,8.47,0.0,0.44,2013,94.75,0.0,0.2,0.0,5.95,0.0,7.49,29.43,0.0,0.13,51.55,2013,3063.87,499.19,873.55,1429.64,149.94,0.0,111.55,2013,598.05,170.41,352.04,30.1,45.5,0.0,0.0,2013,451.7,163.51,240.64,47.55,0.0,0.0,0.0,2013,1149.92,164.09,280.44,530.62,63.22,0.0,111.55,2013,864.2,1.18,5.84,0.43,41.22,0.0,71.56,235.7,15.47,0.37,492.43,2013,1825.79,663.21,238.86,739.33,155.95,0.0,28.43,2013,362.24,239.64,22.77,22.34,77.5,0.0,0.0,2013,221.28,131.48,65.47,24.33,0.0,0.0,0.0,2013,706.33,290.33,150.44,174.3,62.82,0.0,28.43,2013,535.94,1.77,0.75,0.19,15.63,0.0,77.81,135.5,19.84,0.16,284.31,2013,666.42,76.1,326.0,241.41,22.39,0.0,0.51,2013,52.42,12.95,36.77,0.6,1.6,0.0,0.51,2013,89.46,20.67,64.66,4.13,0.0,0.0,0.0,2013,380.51,42.48,224.56,101.04,12.43,0.0,0.0,2013,144.03,0.0,0.14,0.02,8.36,0.0,4.94,61.06,0.0,0.06,69.45
2014,3707.94,260.14,2028.67,1305.22,110.32,0.0,3.59,2014,213.96,35.74,168.55,1.81,7.7,0.0,0.16,2014,309.83,60.55,157.4,91.88,0.0,0.0,0.0,2014,2686.49,163.43,1701.5,733.89,84.23,0.0,3.43,2014,497.67,0.42,1.25,1.21,18.38,0.0,40.8,244.23,0.0,0.1,191.27,2014,1171.07,204.08,339.16,421.03,200.11,0.0,6.69,2014,157.3,68.58,74.86,1.16,12.7,0.0,0.0,2014,131.97,53.59,68.99,9.39,0.0,0.0,0.0,2014,545.17,81.09,194.78,90.5,172.1,0.0,6.69,2014,336.64,0.82,2.76,0.53,15.31,0.0,55.14,97.2,17.8,0.22,146.88,2014,11439.13,1936.07,4049.75,4578.92,711.22,0.0,163.17,2014,1572.22,626.9,684.86,86.97,172.87,0.0,0.61,2014,1392.9,499.56,683.78,209.55,0.01,0.0,0.0,2014,5868.42,805.13,2677.19,1793.45,430.1,0.0,162.56,2014,2605.59,4.48,10.45,3.91,108.25,0.0,272.22,846.01,50.79,0.9,1308.59,2014,316.12,79.59,88.29,128.52,19.31,0.0,0.41,2014,59.2,32.04,23.72,0.44,3.0,0.0,0.0,2014,60.82,23.37,33.68,3.77,0.0,0.0,0.0,2014,101.38,24.18,30.9,35.58,10.33,0.0,0.41,2014,94.72,0.0,0.16,0.0,5.98,0.0,5.35,31.4,0.0,0.11,51.73,2014,3078.74,495.62,919.2,1396.2,147.1,0.0,120.62,2014,597.12,169.27,356.93,26.92,44.0,0.0,0.0,2014,492.95,169.85,271.13,51.97,0.0,0.0,0.0,2014,1146.82,155.02,290.52,519.48,61.19,0.0,120.62,2014,841.84,1.47,5.28,0.62,41.91,0.0,70.34,227.37,14.92,0.28,479.66,2014,1810.72,689.32,253.12,686.05,157.11,0.0,25.12,2014,377.1,253.7,22.78,22.23,78.4,0.0,0.0,2014,233.18,133.5,74.44,25.24,0.0,0.0,0.0,2014,700.49,300.36,154.55,158.38,62.1,0.0,25.12,2014,499.94,1.77,0.74,1.36,16.62,0.0,69.9,125.42,16.42,0.12,267.61,2014,711.22,78.88,355.33,259.76,16.8,0.0,0.45,2014,53.04,13.31,37.03,0.66,1.6,0.0,0.45,2014,96.25,22.57,70.28,3.41,0.0,0.0,0.0,2014,423.63,43.01,248.01,125.05,7.57,0.0,0.0,2014,138.29,0.0,0.18,0.02,7.63,0.0,7.27,59.04,0.0,0.04,64.11
2015,3760.17,267.66,2100.16,1291.33,97.33,0.0,3.7,2015,207.6,35.61,162.81,1.72,7.4,0.0,0.06,2015,327.83,60.24,153.97,113.63,0.0,0.0,0.0,2015,2767.03,171.43,1782.27,736.62,73.07,0.0,3.64,2015,457.71,0.38,1.46,1.11,16.86,0.0,41.99,211.87,0.0,0.08,183.96,2015,1180.97,199.45,338.65,419.44,216.93,0.0,6.5,2015,152.47,66.04,72.88,1.05,12.5,0.0,0.0,2015,130.91,53.95,69.95,7.01,0.0,0.0,0.0,2015,568.3,78.73,195.26,100.34,187.47,0.0,6.5,2015,329.29,0.73,2.84,0.57,16.96,0.0,46.04,95.22,15.7,0.19,151.05,2015,11554.37,1930.24,4117.83,4637.8,724.8,0.0,143.69,2015,1545.57,613.24,676.32,84.26,171.44,0.0,0.31,2015,1392.33,501.53,668.21,222.59,0.0,0.0,0.0,2015,6026.77,811.09,2769.38,1858.89,444.03,0.0,143.39,2015,2589.69,4.39,10.72,3.92,109.33,0.0,277.88,804.21,40.76,0.66,1337.82,2015,315.74,77.77,95.34,125.6,16.68,0.0,0.35,2015,52.71,29.72,19.82,0.37,2.8,0.0,0.0,2015,60.18,24.27,31.76,4.14,0.0,0.0,0.0,2015,113.31,23.78,43.76,37.34,8.08,0.0,0.35,2015,89.54,0.0,0.14,0.0,5.8,0.0,5.1,28.79,0.0,0.03,49.68,2015,3094.83,497.37,909.83,1430.17,148.57,0.0,108.9,2015,601.8,171.28,362.72,25.2,42.6,0.0,0.0,2015,478.18,170.74,261.98,45.46,0.0,0.0,0.0,2015,1169.88,153.83,284.53,560.12,62.51,0.0,108.9,2015,844.98,1.53,5.21,0.6,43.47,0.0,75.59,216.28,15.71,0.16,486.44,2015,1834.68,678.53,255.58,714.23,167.8,0.0,18.54,2015,365.98,242.88,22.68,21.23,79.2,0.0,0.0,2015,234.68,132.91,78.07,23.71,0.0,0.0,0.0,2015,722.14,301.0,153.4,176.02,73.18,0.0,18.54,2015,511.88,1.74,0.77,1.43,15.42,0.0,78.39,130.06,8.73,0.13,275.21,2015,718.75,79.61,356.34,266.64,15.91,0.0,0.25,2015,49.86,12.96,34.46,0.69,1.5,0.0,0.25,2015,90.92,23.61,64.04,3.26,0.0,0.0,0.0,2015,437.14,43.04,257.81,130.07,6.21,0.0,0.0,2015,140.84,0.0,0.18,0.02,8.19,0.0,5.3,59.06,0.0,0.04,68.04
2016,3657.68,264.53,2044.47,1261.12,86.03,0.0,1.54,2016,181.91,35.69,137.4,1.48,7.3,0.0,0.04,2016,336.3,60.19,180.27,95.84,0.0,0.0,0.0,2016,2711.31,168.27,1725.56,752.87,63.11,0.0,1.5,2016,428.17,0.38,1.31,1.25,15.62,0.0,39.8,176.65,0.0,0.1,193.07,2016,1238.02,214.96,354.73,450.46,211.47,0.0,6.41,2016,155.42,67.29,74.72,1.01,12.4,0.0,0.0,2016,133.93,53.48,72.23,8.21,0.0,0.0,0.0,2016,597.44,93.44,207.21,108.9,181.48,0.0,6.41,2016,351.24,0.74,2.37,0.57,17.58,0.0,44.86,98.52,21.34,0.26,164.98,2016,11462.39,1935.14,3971.82,4691.8,719.03,0.0,144.6,2016,1470.38,598.49,618.98,80.5,172.19,0.0,0.23,2016,1355.9,498.39,658.33,199.17,0.01,0.0,0.0,2016,6027.18,833.88,2690.46,1924.34,434.14,0.0,144.36,2016,2608.92,4.39,12.08,4.05,112.7,0.0,294.83,750.96,41.82,0.96,1387.15,2016,313.58,79.31,87.52,129.67,16.71,0.0,0.36,2016,52.59,28.75,20.69,0.24,2.9,0.0,0.0,2016,57.24,24.42,29.57,3.25,0.0,0.0,0.0,2016,110.86,26.14,37.27,39.23,7.86,0.0,0.36,2016,92.9,0.0,0.11,0.0,5.95,0.0,5.16,30.64,0.0,0.04,51.01,2016,3096.78,489.06,858.58,1478.97,153.64,0.0,116.52,2016,557.94,164.42,328.5,23.82,41.2,0.0,0.0,2016,459.97,166.19,240.98,52.8,0.0,0.0,0.0,2016,1231.72,156.91,288.55,601.73,68.02,0.0,116.52,2016,847.15,1.54,7.24,0.56,44.42,0.0,80.06,198.86,14.67,0.24,499.56,2016,1820.55,676.05,236.75,717.85,171.83,0.0,18.06,2016,362.85,236.06,23.38,23.31,80.1,0.0,0.0,2016,223.24,132.28,74.51,16.45,0.0,0.0,0.0,2016,704.45,306.0,137.45,168.8,74.14,0.0,18.06,2016,530.01,1.72,0.8,1.41,17.59,0.0,92.71,131.22,5.81,0.2,278.56,2016,683.36,81.27,327.98,257.39,16.52,0.0,0.19,2016,48.3,12.62,33.34,0.65,1.5,0.0,0.19,2016,79.49,24.9,51.32,3.27,0.0,0.0,0.0,2016,419.74,43.75,243.3,125.95,6.75,0.0,0.0,2016,135.82,0.0,0.14,0.03,8.27,0.0,3.95,53.51,0.0,0.06,69.85
2017,3851.42,270.28,2206.71,1284.73,88.01,0.0,1.68,2017,212.2,36.24,167.35,1.5,7.1,0.0,0.0,2017,353.44,62.01,212.28,79.15,0.0,0.0,0.0,2017,2845.39,171.62,1825.5,781.61,64.99,0.0,1.68,2017,440.39,0.41,1.09,1.58,15.92,0.0,41.55,182.05,0.0,0.07,197.72,2017,1289.53,218.05,375.48,465.47,224.25,0.0,6.27,2017,166.26,71.17,81.81,0.98,12.3,0.0,0.0,2017,141.11,54.12,76.84,10.15,0.0,0.0,0.0,2017,614.4,92.0,216.17,106.41,193.55,0.0,6.27,2017,367.77,0.76,2.53,0.66,18.4,0.0,56.18,104.09,19.63,0.16,165.34,2017,11701.12,1959.51,4207.72,4642.93,744.5,0.0,146.46,2017,1523.57,603.1,674.03,75.17,171.28,0.0,0.0,2017,1425.44,524.9,707.3,193.23,0.01,0.0,0.0,2017,6061.37,827.12,2821.76,1808.07,457.96,0.0,146.46,2017,2690.74,4.4,11.96,4.64,115.25,0.0,316.58,787.14,45.1,2.78,1402.89,2017,321.67,78.57,90.56,137.35,14.83,0.0,0.36,2017,54.57,29.55,21.73,0.4,2.9,0.0,0.0,2017,60.45,25.25,29.49,5.72,0.0,0.0,0.0,2017,109.22,23.77,39.35,39.72,6.03,0.0,0.36,2017,97.42,0.0,0.18,0.0,5.91,0.0,7.38,33.78,0.0,0.03,50.14,2017,3013.71,498.89,885.43,1353.04,156.35,0.0,120.01,2017,562.15,159.29,340.92,22.23,39.7,0.0,0.0,2017,489.29,187.87,241.81,59.6,0.01,0.0,0.0,2017,1087.92,150.22,302.07,446.69,68.94,0.0,120.01,2017,874.35,1.5,7.21,0.63,47.71,0.0,95.43,207.98,15.09,2.43,496.37,2017,1869.76,675.28,251.93,749.56,176.96,0.0,16.02,2017,363.57,239.78,24.76,18.03,81.0,0.0,0.0,2017,233.09,132.8,81.14,19.15,0.0,0.0,0.0,2017,723.24,300.99,144.59,181.89,79.74,0.0,16.02,2017,549.86,1.71,0.73,1.43,16.22,0.0,87.24,138.56,10.1,0.05,293.81,2017,701.31,84.72,334.32,265.43,16.84,0.0,0.0,2017,51.55,12.94,36.53,0.68,1.4,0.0,0.0,2017,84.39,26.13,54.92,3.34,0.0,0.0,0.0,2017,421.99,45.64,242.84,126.43,7.08,0.0,0.0,2017,143.37,0.0,0.13,0.03,8.37,0.0,3.62,60.89,0.0,0.01,70.33
2018,4067.7,273.83,2357.8,1324.26,110.16,0.0,1.65,2018,220.78,36.87,175.11,1.89,6.9,0.0,0.0,2018,386.07,64.31,231.72,90.04,0.0,0.0,0.0,2018,3001.17,172.23,1949.32,790.86,87.12,0.0,1.65,2018,459.68,0.42,1.04,1.65,16.14,0.0,42.22,196.13,0.0,0.08,202.0,2018,1318.74,217.06,369.54,508.66,217.76,0.0,5.73,2018,159.02,69.07,76.28,1.57,12.1,0.0,0.0,2018,137.94,54.26,75.34,8.33,0.0,0.0,0.0,2018,616.7,92.97,217.29,114.73,185.98,0.0,5.73,2018,405.08,0.76,4.12,0.63,19.67,0.0,77.17,112.35,21.67,0.18,168.53,2018,12172.51,2017.04,4475.95,4762.72,760.14,0.0,156.67,2018,1612.98,620.16,748.71,74.13,169.97,0.0,0.0,2018,1512.0,544.38,780.89,186.71,0.01,0.0,0.0,2018,6247.02,848.09,2941.83,1828.31,472.12,0.0,156.67,2018,2800.52,4.41,11.7,4.51,118.04,0.0,353.9,830.82,47.7,4.19,1425.25,2018,337.02,82.09,94.69,144.1,15.76,0.0,0.38,2018,58.63,31.91,23.42,0.49,2.8,0.0,0.0,2018,65.53,25.98,35.32,4.24,0.0,0.0,0.0,2018,107.73,24.2,35.96,40.65,6.54,0.0,0.38,2018,105.14,0.0,0.22,0.0,6.42,0.0,9.7,34.38,0.0,0.04,54.38,2018,3146.43,513.64,991.61,1365.3,150.3,0.0,125.59,2018,625.75,161.83,406.36,19.26,38.3,0.0,0.0,2018,535.96,194.08,291.53,50.34,0.0,0.0,0.0,2018,1073.63,156.22,292.96,438.08,60.78,0.0,125.59,2018,911.09,1.51,5.32,0.75,51.21,0.0,101.99,225.09,14.91,3.75,506.56,2018,1923.68,708.65,253.32,759.84,183.27,0.0,18.6,2018,377.48,251.7,26.13,17.85,81.8,0.0,0.0,2018,231.75,141.0,74.56,16.19,0.0,0.0,0.0,2018,762.64,314.22,151.5,191.04,87.28,0.0,18.6,2018,551.81,1.72,0.78,1.13,14.19,0.0,91.38,135.59,10.58,0.04,296.4,2018,720.23,86.36,341.89,278.24,13.75,0.0,0.0,2018,55.51,13.24,40.41,0.56,1.3,0.0,0.0,2018,91.17,26.84,60.79,3.55,0.0,0.0,0.0,2018,428.18,46.28,240.66,136.81,4.43,0.0,0.0,2018,145.37,0.0,0.14,0.03,8.02,0.0,3.46,64.99,0.0,0.02,68.71
2019,4076.64,278.58,2345.87,1352.36,98.43,0.0,1.4,2019,219.27,36.62,173.84,1.9,6.91,0.0,0.0,2019,390.06,63.36,238.49,88.2,0.0,0.0,0.0,2019,2998.15,178.18,1931.86,811.31,75.39,0.0,1.4,2019,469.16,0.41,1.04,1.68,16.13,0.0,40.96,198.26,0.0,0.09,210.6,2019,1303.63,215.74,359.01,495.55,226.75,0.0,6.59,2019,160.79,67.22,79.79,1.31,12.47,0.0,0.0,2019,139.22,54.42,75.89,8.91,0.01,0.0,0.0,2019,600.0,93.32,202.66,104.49,192.93,0.0,6.59,2019,403.63,0.78,3.9,0.67,21.34,0.0,77.54,117.54,14.81,0.03,167.02,2019,12102.09,2022.9,4363.77,4806.76,757.16,0.0,151.5,2019,1548.05,617.87,690.03,70.53,169.62,0.0,0.0,2019,1501.74,542.71,762.2,196.81,0.01,0.0,0.0,2019,6226.65,857.69,2906.75,1845.11,465.6,0.0,151.5,2019,2825.65,4.63,11.62,4.79,121.93,0.0,355.43,831.18,44.72,3.05,1448.31,2019,334.44,80.16,92.45,144.82,16.67,0.0,0.33,2019,58.31,31.65,23.42,0.47,2.78,0.0,0.0,2019,64.27,25.28,33.89,5.1,0.0,0.0,0.0,2019,105.73,23.23,35.15,39.26,7.76,0.0,0.33,2019,106.11,0.0,0.23,0.0,6.13,0.0,10.75,34.11,0.0,0.05,54.84,2019,3065.52,503.86,906.51,1383.19,154.36,0.0,117.61,2019,554.46,159.73,341.01,17.57,36.15,0.0,0.0,2019,514.83,192.26,266.36,56.2,0.01,0.0,0.0,2019,1076.53,150.35,298.38,446.14,64.05,0.0,117.61,2019,919.71,1.52,5.38,0.77,54.15,0.0,97.5,222.07,18.19,2.62,517.51,2019,1963.94,725.27,261.43,775.24,181.75,0.0,20.25,2019,383.55,254.69,28.63,17.16,83.08,0.0,0.0,2019,237.84,143.04,75.06,19.74,0.0,0.0,0.0,2019,778.07,325.63,156.44,191.03,84.72,0.0,20.25,2019,564.48,1.92,0.83,1.31,13.95,0.0,97.84,134.39,11.18,0.19,302.88,2019,701.49,85.44,329.42,273.03,13.6,0.0,0.0,2019,57.12,12.83,42.35,0.6,1.35,0.0,0.0,2019,91.32,26.53,60.65,4.14,0.0,0.0,0.0,2019,408.77,46.08,226.4,132.0,4.29,0.0,0.0,2019,144.28,0.0,0.15,0.03,7.97,0.0,2.98,64.54,0.0,0.01,68.6
2020,3867.27,284.94,2253.45,1238.6,89.11,0.0,1.17,2020,221.71,42.86,170.0,1.77,7.09,0.0,0.0,2020,373.55,60.97,229.8,82.78,0.0,0.0,0.0,2020,2888.08,180.79,1852.32,784.86,68.95,0.0,1.17,2020,383.93,0.33,0.77,1.34,13.07,0.0,20.52,171.65,0.0,0.07,176.18,2020,1186.99,209.01,362.2,397.75,213.77,0.0,4.26,2020,167.97,72.58,81.65,1.02,12.73,0.0,0.0,2020,130.94,52.05,72.61,6.28,0.01,0.0,0.0,2020,572.28,83.75,207.41,95.85,181.02,0.0,4.26,2020,315.8,0.63,2.88,0.54,20.02,0.0,41.41,102.23,8.82,0.05,139.21,2020,11059.1,1990.46,4164.07,4076.86,699.87,0.0,127.84,2020,1514.61,636.72,650.43,62.07,165.39,0.0,0.0,2020,1433.77,521.37,731.07,181.32,0.01,0.0,0.0,2020,5880.22,828.65,2778.71,1715.18,429.84,0.0,127.84,2020,2230.5,3.72,8.76,3.86,104.63,0.0,168.04,716.82,35.81,2.39,1186.47,2020,307.28,78.73,88.69,124.62,14.92,0.0,0.31,2020,57.24,31.79,22.22,0.49,2.73,0.0,0.0,2020,59.79,24.28,31.88,3.62,0.0,0.0,0.0,2020,103.31,22.66,34.58,38.65,7.11,0.0,0.31,2020,86.94,0.0,0.17,0.0,5.08,0.0,7.14,29.29,0.0,0.05,45.21,2020,2751.35,497.89,855.94,1154.77,142.03,0.0,100.73,2020,527.07,165.72,311.62,16.25,33.49,0.0,0.0,2020,494.69,185.58,255.7,53.41,0.0,0.0,0.0,2020,1000.87,145.38,287.99,405.59,61.18,0.0,100.73,2020,728.72,1.22,4.12,0.64,47.36,0.0,47.31,191.43,15.68,2.04,418.93,2020,1728.34,706.63,234.99,599.31,170.76,0.0,16.64,2020,376.24,255.28,25.74,13.26,81.98,0.0,0.0,2020,226.24,136.8,71.68,17.76,0.0,0.0,0.0,2020,707.44,313.01,136.53,163.76,77.49,0.0,16.64,2020,418.41,1.54,0.63,1.05,11.29,0.0,33.61,114.18,10.85,0.13,245.14,2020,649.54,82.7,302.7,252.86,11.28,0.0,0.0,2020,53.04,13.18,38.25,0.37,1.24,0.0,0.0,2020,87.18,25.48,57.85,3.86,0.0,0.0,0.0,2020,387.17,44.04,206.58,132.46,4.09,0.0,0.0,2020,122.15,0.0,0.11,0.02,5.96,0.0,1.85,56.66,0.0,0.01,57.53
2021,4061.85,269.72,2435.04,1257.25,97.45,0.2,2.19,2021,209.98,35.96,165.98,1.73,6.3,0.02,0.0,2021,371.89,60.47,229.28,82.15,0.0,0.0,0.0,2021,3068.57,172.96,2038.38,781.48,73.37,0.18,2.19,2021,411.41,0.34,0.57,1.4,17.78,0.0,20.48,184.15,0.0,0.08,186.62,2021,1205.3,208.15,366.3,393.75,228.92,0.03,8.15,2021,151.83,65.73,73.26,1.02,11.81,0.01,0.0,2021,134.18,53.03,74.1,6.29,0.76,0.0,0.0,2021,597.48,88.72,218.37,96.39,185.83,0.02,8.15,2021,321.8,0.67,3.0,0.56,30.52,0.0,39.94,97.11,7.02,0.05,142.93,2021,11335.55,1967.26,4358.32,4114.95,759.13,0.35,135.54,2021,1468.14,614.64,644.5,54.54,154.39,0.06,0.0,2021,1435.62,525.08,730.77,178.31,1.47,0.0,0.0,2021,6082.14,823.62,2978.84,1679.55,464.32,0.28,135.54,2021,2349.64,3.92,8.69,4.21,138.95,0.0,179.5,747.84,30.56,2.46,1233.51,2021,303.7,76.27,89.17,119.48,18.5,0.0,0.27,2021,55.27,30.97,21.48,0.35,2.47,0.0,0.0,2021,59.38,24.41,31.4,3.57,0.0,0.0,0.0,2021,99.73,20.89,36.3,33.26,9.02,0.0,0.27,2021,89.31,0.0,0.18,0.0,7.02,0.0,5.39,30.58,0.0,0.05,46.1,2021,2779.31,490.56,842.23,1189.71,156.94,0.06,99.81,2021,527.1,165.68,317.1,12.4,31.89,0.03,0.0,2021,494.77,186.82,255.14,52.81,0.0,0.0,0.0,2021,983.8,136.76,269.34,407.48,70.38,0.03,99.81,2021,773.64,1.29,4.17,0.66,54.67,0.0,49.62,207.06,15.95,2.1,438.13,2021,1770.31,707.5,246.25,616.7,179.46,0.02,20.37,2021,362.24,249.75,26.08,10.34,76.08,0.0,0.0,2021,225.02,137.21,70.56,16.54,0.71,0.0,0.0,2021,733.79,318.93,148.34,161.06,85.08,0.01,20.37,2021,449.25,1.62,0.64,1.27,17.6,0.0,48.72,118.96,7.13,0.13,253.18,2021,625.26,81.51,312.58,218.71,12.43,0.02,0.0,2021,53.63,12.47,39.7,0.29,1.17,0.0,0.0,2021,87.94,26.05,58.07,3.81,0.0,0.0,0.0,2021,357.67,42.99,214.79,96.27,3.6,0.02,0.0,2021,126.02,0.0,0.07,0.03,7.66,0.0,1.45,57.66,0.0,0.01,59.13
2022,4173.94,281.73,2464.85,1317.2,105.11,0.2,4.85,2022,219.41,37.91,173.19,1.75,6.53,0.02,0.0,2022,386.02,63.06,239.2,83.76,0.01,0.0,0.0,2022,3118.59,180.39,2051.03,806.72,75.43,0.18,4.85,2022,449.92,0.38,0.55,1.44,23.14,0.0,38.55,189.92,0.0,0.08,195.87,2022,1284.48,222.13,381.25,428.85,243.13,0.03,9.09,2022,156.86,70.39,73.34,1.0,12.12,0.01,0.0,2022,142.8,57.05,78.15,6.41,1.2,0.0,0.0,2022,623.4,93.63,229.17,95.77,195.71,0.02,9.09,2022,361.42,1.06,3.05,0.59,34.1,0.0,72.29,96.19,7.97,0.05,146.11,2022,11834.45,2079.59,4434.89,4367.4,812.44,0.35,139.77,2022,1519.37,653.44,654.85,54.27,156.75,0.07,0.0,2022,1492.29,554.92,754.64,180.44,2.29,0.0,0.0,2022,6245.22,865.7,3021.03,1725.13,493.31,0.29,139.77,2022,2577.57,5.53,8.72,4.38,160.1,0.0,330.99,763.86,31.43,2.53,1270.03,2022,323.31,81.33,92.03,128.82,20.65,0.0,0.47,2022,57.31,33.01,21.47,0.35,2.47,0.0,0.0,2022,61.22,25.79,31.85,3.58,0.0,0.0,0.0,2022,107.54,22.51,38.7,35.64,10.21,0.0,0.47,2022,97.25,0.02,0.18,0.0,7.97,0.0,10.02,31.2,0.0,0.05,47.8,2022,2915.2,522.49,867.3,1255.77,169.84,0.07,99.73,2022,540.65,176.73,319.59,12.32,31.98,0.03,0.0,2022,512.08,197.85,260.92,53.31,0.0,0.0,0.0,2022,1020.2,145.98,286.1,411.42,76.95,0.03,99.73,2022,842.26,1.93,4.15,0.7,60.91,0.0,92.36,212.73,15.66,2.15,451.65,2022,1856.3,741.96,243.28,661.92,188.11,0.02,21.02,2022,376.74,263.97,25.75,9.88,77.14,0.0,0.0,2022,233.27,144.5,71.27,16.41,1.09,0.0,0.0,2022,746.38,331.4,144.93,159.4,89.6,0.01,21.02,2022,499.91,2.09,0.64,1.32,20.28,0.0,90.13,121.01,7.35,0.13,256.96,2022,666.82,87.46,318.67,244.38,16.29,0.02,0.0,2022,55.45,13.42,40.58,0.28,1.16,0.0,0.0,2022,91.87,27.51,60.56,3.8,0.0,0.0,0.0,2022,384.7,46.51,217.5,114.44,6.23,0.02,0.0,2022,134.81,0.02,0.07,0.03,8.9,0.0,2.71,60.91,0.0,0.01,62.16
2023,4235.05,282.68,2504.14,1322.91,121.88,0.14,3.3,2023,223.69,39.72,174.14,1.69,8.14,0.0,0.0,2023,390.27,64.75,240.15,83.91,1.45,0.0,0.0,2023,3145.73,177.49,2088.32,793.09,83.53,0.0,3.3,2023,475.35,0.71,0.53,1.53,28.76,0.14,40.45,194.0,0.0,0.08,209.16,2023,1296.66,231.48,381.2,434.33,243.06,0.07,6.53,2023,159.05,73.57,72.13,0.95,12.4,0.0,0.0,2023,147.2,59.45,79.76,6.35,1.64,0.0,0.0,2023,618.73,96.24,228.69,94.02,193.24,0.0,6.53,2023,371.69,2.21,3.06,0.63,35.78,0.07,76.39,97.81,9.37,0.05,146.33,2023,11968.88,2113.32,4474.9,4413.92,853.19,0.43,113.11,2023,1530.62,671.67,645.93,52.25,160.77,0.0,0.0,2023,1520.93,572.4,763.61,178.09,6.83,0.0,0.0,2023,6255.84,859.56,3060.74,1714.15,508.26,0.02,113.11,2023,2661.49,9.69,8.69,4.62,177.33,0.41,347.85,777.49,33.05,2.56,1299.79,2023,328.92,83.3,91.05,131.85,22.61,0.02,0.09,2023,57.95,34.06,20.89,0.33,2.66,0.0,0.0,2023,61.74,26.48,31.42,3.65,0.19,0.0,0.0,2023,108.66,22.62,38.74,36.13,11.09,0.0,0.09,2023,100.57,0.14,0.18,0.0,8.67,0.02,10.45,31.63,0.0,0.05,49.44,2023,2941.55,530.86,866.84,1279.11,180.76,0.11,83.87,2023,540.67,182.26,312.47,11.76,34.18,0.0,0.0,2023,520.76,203.28,263.25,52.64,1.59,0.0,0.0,2023,1013.06,142.55,290.37,416.56,79.71,0.0,83.87,2023,867.05,2.77,4.14,0.74,65.27,0.11,97.27,215.68,15.43,2.18,463.45,2023,1860.12,749.31,238.91,663.72,192.64,0.04,15.5,2023,377.93,267.8,24.83,9.14,76.17,0.0,0.0,2023,240.41,149.47,74.25,15.17,1.52,0.0,0.0,2023,732.08,328.57,138.45,157.89,91.68,0.0,15.5,2023,509.68,3.48,0.63,1.38,23.28,0.04,94.16,122.09,7.81,0.13,256.68,2023,686.3,88.87,322.6,254.48,20.31,0.04,0.0,2023,56.26,14.0,40.55,0.26,1.46,0.0,0.0,2023,94.28,28.45,61.75,3.72,0.37,0.0,0.0,2023,394.2,46.29,220.28,119.05,8.58,0.0,0.0,2023,141.55,0.14,0.07,0.03,9.9,0.04,2.81,63.89,0.0,0.01,64.67
2024,4203.9,286.61,2455.33,1306.01,124.54,28.12,3.29,2024,224.03,40.98,173.36,1.62,8.08,0.0,0.0,2024,385.13,65.53,232.92,84.8,1.88,0.0,0.0,2024,3115.56,178.75,2047.49,771.44,86.9,27.67,3.29,2024,479.18,1.35,0.5,1.55,27.68,0.45,40.23,195.66,0.0,0.08,211.69,2024,1289.85,238.86,369.26,426.37,250.85,0.18,4.35,2024,158.04,75.48,69.32,0.88,12.36,0.0,0.0,2024,147.58,61.12,77.7,6.35,2.41,0.0,0.0,2024,614.03,98.51,221.61,93.26,196.3,0.0,4.35,2024,370.2,3.75,2.95,0.63,39.77,0.18,77.11,93.99,10.59,0.05,141.16,2024,11925.81,2157.3,4383.06,4367.1,874.49,29.35,114.52,2024,1520.11,684.1,631.41,49.91,154.69,0.0,0.0,2024,1516.24,582.59,746.46,177.73,9.47,0.0,0.0,2024,6232.37,873.65,3000.51,1690.38,525.2,28.11,114.52,2024,2657.09,16.96,8.35,4.67,185.14,1.24,348.28,774.97,33.82,2.6,1281.06,2024,330.79,85.12,90.12,132.01,23.47,0.05,0.02,2024,57.95,34.83,20.27,0.32,2.53,0.0,0.0,2024,61.13,26.82,30.44,3.62,0.25,0.0,0.0,2024,110.73,23.09,39.4,36.13,12.09,0.0,0.02,2024,100.97,0.38,0.17,0.0,8.61,0.05,10.35,31.98,0.0,0.05,49.39,2024,2934.11,544.81,841.23,1274.0,184.07,0.32,89.68,2024,534.48,186.71,303.99,11.15,32.64,0.0,0.0,2024,520.86,207.01,259.23,52.52,2.09,0.0,0.0,2024,1013.1,146.26,277.25,416.76,83.15,0.0,89.68,2024,865.67,4.83,3.98,0.76,66.19,0.32,97.62,216.76,14.72,2.22,458.27,2024,1854.15,759.22,231.38,652.79,196.5,0.54,13.73,2024,374.7,269.94,23.5,8.37,72.9,0.0,0.0,2024,241.58,151.88,73.01,14.43,2.26,0.0,0.0,2024,734.2,331.83,133.48,159.86,94.88,0.42,13.73,2024,503.67,5.57,0.6,1.39,26.47,0.12,93.62,119.88,8.1,0.14,247.78,2024,693.88,91.24,325.06,255.45,22.02,0.11,0.0,2024,56.22,14.46,40.07,0.24,1.45,0.0,0.0,2024,93.13,28.92,60.03,3.7,0.48,0.0,0.0,2024,400.52,47.46,224.93,118.16,9.97,0.0,0.0,2024,144.0,0.39,0.06,0.03,10.12,0.11,2.78,65.14,0.0,0.01,65.35
2025,4160.72,290.4,2396.01,1287.51,128.22,55.48,3.1,2025,223.76,42.25,171.93,1.54,8.04,0.0,0.0,2025,380.6,65.66,227.9,84.73,2.3,0.0,0.0,2025,3071.95,180.23,1994.62,748.75,90.55,54.7,3.1,2025,484.41,2.26,0.46,1.56,27.33,0.78,39.99,198.35,0.0,0.08,213.6,2025,1320.96,247.54,385.87,426.83,257.15,0.31,3.27,2025,156.96,77.33,66.15,0.83,12.66,0.0,0.0,2025,148.5,62.62,75.95,6.34,3.59,0.0,0.0,2025,645.73,101.97,243.13,97.96,199.4,0.0,3.27,2025,369.76,5.61,2.83,0.64,41.5,0.31,78.15,93.82,11.09,0.06,135.76,2025,11906.44,2202.51,4310.89,4339.41,892.11,57.88,103.64,2025,1508.04,695.74,615.07,47.66,149.56,0.0,0.0,2025,1512.49,591.87,730.97,176.47,13.19,0.0,0.0,2025,6220.56,888.06,2960.14,1670.37,542.72,55.63,103.64,2025,2665.35,26.84,7.98,4.71,186.64,2.25,349.01,788.79,33.98,2.65,1262.5,2025,332.77,86.93,88.87,133.02,23.86,0.09,0.01,2025,57.9,35.56,19.62,0.3,2.41,0.0,0.0,2025,60.73,27.21,29.61,3.6,0.3,0.0,0.0,2025,111.91,23.43,39.63,36.11,12.73,0.0,0.01,2025,102.23,0.72,0.17,0.0,8.42,0.09,10.23,32.91,0.0,0.05,49.64,2025,2928.15,558.86,828.43,1274.71,183.65,0.61,81.89,2025,528.02,191.21,295.03,10.55,31.22,0.0,0.0,2025,520.2,210.72,254.56,52.35,2.57,0.0,0.0,2025,1009.84,148.95,278.05,414.38,86.57,0.0,81.89,2025,870.08,7.98,3.82,0.78,63.29,0.61,98.01,225.49,14.34,2.26,453.51,2025,1843.91,770.03,217.53,640.83,201.96,1.14,12.43,2025,371.05,271.5,21.87,7.66,70.01,0.0,0.0,2025,242.05,154.2,70.39,13.75,3.71,0.0,0.0,2025,730.52,336.1,123.87,157.96,99.26,0.91,12.43,2025,500.29,8.22,0.57,1.4,28.98,0.23,93.14,120.28,8.13,0.14,239.21,2025,700.22,93.29,324.14,257.86,24.74,0.19,0.0,2025,56.19,14.93,39.59,0.22,1.45,0.0,0.0,2025,92.95,29.32,59.35,3.68,0.6,0.0,0.0,2025,403.46,48.28,225.17,117.43,12.58,0.0,0.0,2025,147.62,0.76,0.06,0.03,10.11,0.19,2.76,67.09,0.0,0.01,66.61
2026,4133.24,295.34,2352.86,1280.49,133.08,68.29,3.19,2026,223.05,43.45,170.11,1.46,8.03,0.0,0.0,2026,377.18,66.13,223.31,85.03,2.71,0.0,0.0,2026,3043.36,181.78,1957.86,740.02,94.29,66.22,3.19,2026,489.65,3.98,0.43,1.57,28.05,2.07,39.69,198.41,0.0,0.08,215.36,2026,1346.25,256.15,403.18,417.92,265.49,0.79,2.72,2026,155.76,79.0,63.05,0.77,12.94,0.0,0.0,2026,149.52,64.29,74.13,6.35,4.74,0.0,0.0,2026,674.34,104.68,265.36,98.57,203.01,0.0,2.72,2026,366.63,8.18,2.7,0.64,44.8,0.79,78.08,91.26,10.46,0.06,129.67,2026,11930.56,2257.04,4274.26,4331.07,908.48,73.79,85.92,2026,1494.48,705.66,599.04,45.48,144.29,0.0,0.0,2026,1511.07,602.59,717.19,175.96,15.33,0.0,0.0,2026,6257.14,907.55,2953.27,1688.85,553.91,67.64,85.92,2026,2667.86,41.24,7.62,4.75,194.95,6.15,347.55,790.91,32.6,2.71,1239.39,2026,333.54,88.7,87.16,133.1,24.33,0.24,0.01,2026,57.75,36.18,18.98,0.28,2.3,0.0,0.0,2026,60.23,27.59,28.72,3.58,0.35,0.0,0.0,2026,112.36,23.66,39.46,36.11,13.13,0.0,0.01,2026,103.2,1.28,0.16,0.0,8.55,0.24,10.11,33.3,0.0,0.06,49.5,2026,2956.27,579.23,826.86,1295.39,187.01,1.77,66.01,2026,521.38,195.3,286.19,9.96,29.92,0.0,0.0,2026,521.16,215.64,250.03,52.46,3.04,0.0,0.0,2026,1038.65,155.57,289.85,437.76,89.46,0.0,66.01,2026,875.08,12.72,3.65,0.79,64.59,1.77,98.1,229.85,14.01,2.31,447.27,2026,1841.05,784.07,209.42,632.45,201.54,2.07,11.51,2026,366.99,272.38,20.78,7.0,66.82,0.0,0.0,2026,242.04,156.28,69.02,13.11,3.63,0.0,0.0,2026,736.57,343.84,118.22,161.85,99.74,1.4,11.51,2026,495.45,11.57,0.54,1.4,31.34,0.66,92.27,120.01,7.69,0.14,229.84,2026,708.07,95.7,325.54,260.23,26.09,0.51,0.0,2026,56.08,15.35,39.08,0.2,1.45,0.0,0.0,2026,92.86,29.71,58.75,3.68,0.71,0.0,0.0,2026,409.29,49.24,227.67,118.81,13.57,0.0,0.0,2026,149.84,1.41,0.05,0.03,10.36,0.51,2.73,67.81,0.0,0.01,66.93
2027,4117.12,306.07,2324.84,1269.54,138.94,74.45,3.28,2027,222.12,44.66,168.05,1.38,8.03,0.0,0.0,2027,371.87,66.93,216.13,85.75,3.07,0.0,0.0,2027,3031.1,187.69,1939.07,732.51,98.52,70.04,3.28,2027,492.02,6.8,0.4,1.59,29.32,4.41,39.4,196.98,0.0,0.09,213.04,2027,1333.83,263.82,385.63,403.68,276.76,1.51,2.43,2027,154.44,80.5,59.7,0.71,13.53,0.0,0.0,2027,149.44,65.96,70.93,6.38,6.17,0.0,0.0,2027,668.83,105.84,254.35,96.72,209.5,0.0,2.43,2027,361.12,11.53,2.56,0.64,47.57,1.51,77.78,87.48,9.84,0.06,122.16,2027,11884.87,2315.86,4206.85,4275.03,930.76,84.43,71.94,2027,1480.04,714.47,582.55,43.36,139.64,0.0,0.0,2027,1507.32,614.91,698.41,176.34,17.66,0.0,0.0,2027,6237.06,924.41,2921.11,1678.03,570.14,71.42,71.94,2027,2660.46,62.06,7.22,4.78,203.32,13.01,345.9,787.59,31.28,2.76,1202.54,2027,333.85,90.81,85.56,132.59,24.39,0.5,0.01,2027,57.52,36.72,18.33,0.27,2.19,0.0,0.0,2027,59.6,27.98,27.68,3.55,0.39,0.0,0.0,2027,112.89,23.96,39.55,36.25,13.12,0.0,0.01,2027,103.85,2.15,0.16,0.0,8.68,0.5,10.0,33.51,0.0,0.06,48.79,2027,2956.33,601.53,818.23,1288.01,191.22,3.84,53.49,2027,514.75,199.28,277.35,9.39,28.72,0.0,0.0,2027,524.08,221.97,245.72,52.91,3.49,0.0,0.0,2027,1040.31,160.34,294.36,439.02,93.1,0.0,53.49,2027,877.19,19.94,3.48,0.8,65.9,3.84,98.19,232.5,13.7,2.36,436.47,2027,1829.38,795.15,201.64,616.7,202.44,2.8,10.66,2027,362.65,272.72,19.74,6.39,63.8,0.0,0.0,2027,241.85,158.24,67.52,12.54,3.55,0.0,0.0,2027,735.17,348.37,112.97,160.43,101.37,1.36,10.66,2027,489.71,15.81,0.51,1.4,33.72,1.43,91.44,119.08,7.28,0.14,218.89,2027,707.4,97.82,320.99,260.45,27.05,1.09,0.0,2027,55.93,15.74,38.55,0.18,1.46,0.0,0.0,2027,91.79,30.06,57.23,3.69,0.81,0.0,0.0,2027,407.84,49.55,225.18,118.9,14.2,0.0,0.0,2027,151.85,2.47,0.05,0.03,10.58,1.09,2.71,68.39,0.0,0.01,66.5
2028,4070.99,312.76,2279.3,1253.5,145.15,76.91,3.38,2028,221.15,45.92,165.89,1.3,8.05,0.0,0.0,2028,366.15,67.86,208.23,86.67,3.39,0.0,0.0,2028,2992.64,188.57,1903.58,725.37,102.55,69.19,3.38,2028,491.05,10.41,0.38,1.6,31.17,7.72,39.11,193.28,0.0,0.09,207.3,2028,1319.87,273.42,366.19,388.86,286.87,2.44,2.09,2028,153.03,81.86,56.45,0.66,14.06,0.0,0.0,2028,148.36,67.27,67.24,6.39,7.47,0.0,0.0,2028,663.87,109.12,241.86,94.68,216.12,0.0,2.09,2028,354.61,15.18,2.41,0.64,49.21,2.44,77.34,83.64,9.25,0.06,114.44,2028,11790.71,2373.08,4108.92,4204.13,951.57,93.37,59.65,2028,1465.42,722.69,566.14,41.32,135.27,0.0,0.0,2028,1500.01,626.49,676.78,176.98,19.77,0.0,0.0,2028,6181.7,936.9,2861.2,1667.58,585.74,70.63,59.65,2028,2643.58,87.0,6.82,4.79,210.79,22.74,344.15,777.58,29.99,2.81,1156.89,2028,333.56,92.95,83.83,131.53,24.35,0.89,0.01,2028,57.21,37.17,17.69,0.25,2.1,0.0,0.0,2028,58.89,28.33,26.6,3.53,0.43,0.0,0.0,2028,113.27,24.21,39.54,36.47,13.05,0.0,0.01,2028,104.18,3.23,0.15,0.0,8.77,0.89,9.89,33.5,0.0,0.06,47.69,2028,2947.27,624.58,804.88,1273.83,194.39,6.83,42.76,2028,508.16,203.16,268.55,8.84,27.61,0.0,0.0,2028,525.86,228.3,240.27,53.38,3.91,0.0,0.0,2028,1036.97,164.08,295.25,438.89,95.98,0.0,42.76,2028,876.28,29.03,3.29,0.81,66.88,6.83,98.18,232.68,13.35,2.4,422.82,2028,1818.15,806.1,194.25,600.52,203.56,3.99,9.72,2028,358.42,272.88,18.78,5.84,60.93,0.0,0.0,2028,241.44,160.03,65.93,12.0,3.47,0.0,0.0,2028,734.78,352.66,108.14,159.64,103.18,1.42,9.72,2028,483.51,20.54,0.48,1.4,35.97,2.56,90.63,117.41,6.92,0.14,207.46,2028,697.83,99.26,311.23,257.7,27.73,1.91,0.0,2028,55.74,16.12,37.99,0.17,1.46,0.0,0.0,2028,90.28,30.28,55.4,3.7,0.9,0.0,0.0,2028,399.45,49.04,217.81,117.93,14.66,0.0,0.0,2028,152.36,3.81,0.05,0.03,10.7,1.91,2.68,68.01,0.0,0.01,65.16
2029,4031.39,321.63,2243.62,1229.76,150.46,82.69,3.23,2029,219.8,47.13,163.37,1.22,8.08,0.0,0.0,2029,360.49,68.97,200.19,87.66,3.67,0.0,0.0,2029,2964.87,190.91,1878.46,714.47,107.04,70.76,3.23,2029,486.23,14.62,0.35,1.6,31.68,11.92,38.77,187.31,0.0,0.09,199.89,2029,1307.41,283.19,345.85,375.94,297.01,3.51,1.91,2029,151.43,83.03,52.95,0.61,14.85,0.0,0.0,2029,146.83,68.37,63.06,6.39,9.01,0.0,0.0,2029,661.22,112.77,229.2,93.03,224.3,0.0,1.91,2029,347.93,19.02,2.26,0.64,48.85,3.51,76.85,81.17,8.68,0.06,106.89,2029,11719.33,2439.64,4026.31,4125.14,971.21,107.59,49.45,2029,1449.88,729.96,549.16,39.34,131.41,0.0,0.0,2029,1491.54,638.15,653.56,177.8,22.02,0.0,0.0,2029,6154.22,955.7,2818.78,1654.11,604.0,72.17,49.45,2029,2623.71,115.82,6.42,4.8,213.78,35.41,342.37,765.41,28.81,2.86,1108.02,2029,332.87,95.24,82.03,129.99,24.21,1.38,0.0,2029,56.88,37.57,17.07,0.23,2.0,0.0,0.0,2029,58.17,28.72,25.48,3.5,0.47,0.0,0.0,2029,113.57,24.44,39.48,36.71,12.93,0.0,0.0,2029,104.25,4.51,0.14,0.0,8.81,1.38,9.79,33.29,0.0,0.06,46.28,2029,2946.13,652.4,792.37,1259.1,197.32,10.95,33.99,2029,501.57,206.94,259.74,8.3,26.59,0.0,0.0,2029,527.21,234.85,234.17,53.9,4.29,0.0,0.0,2029,1041.12,170.48,297.63,439.76,99.26,0.0,33.99,2029,876.23,40.14,3.11,0.82,67.18,10.95,98.21,232.34,13.02,2.45,408.0,2029,1810.65,818.58,187.8,584.94,204.93,5.42,8.98,2029,354.0,272.62,17.86,5.32,58.2,0.0,0.0,2029,240.8,161.68,64.23,11.51,3.38,0.0,0.0,2029,738.02,358.6,104.32,159.47,105.27,1.39,8.98,2029,477.83,25.68,0.45,1.4,38.08,4.04,89.86,115.45,6.59,0.14,196.15,2029,692.71,101.66,304.89,254.83,28.3,3.03,0.0,2029,55.5,16.47,37.4,0.15,1.47,0.0,0.0,2029,88.69,30.53,53.47,3.7,0.98,0.0,0.0,2029,395.61,49.18,213.99,117.31,15.13,0.0,0.0,2029,152.91,5.47,0.04,0.03,10.71,3.03,2.65,67.48,0.0,0.01,63.47
2030,3984.13,330.63,2180.63,1201.6,155.59,112.54,3.14,2030,218.02,48.29,160.48,1.14,8.11,0.0,0.0,2030,354.41,70.15,191.68,88.67,3.91,0.0,0.0,2030,2932.59,192.9,1826.87,702.84,111.28,95.57,3.14,2030,479.1,19.29,0.33,1.6,32.29,16.96,38.37,179.42,0.0,0.09,190.75,2030,1290.47,290.64,325.34,360.11,307.67,4.98,1.72,2030,149.73,84.05,49.56,0.57,15.55,0.0,0.0,2030,144.79,69.26,58.78,6.38,10.37,0.0,0.0,2030,655.88,114.73,216.37,91.02,231.91,0.14,1.72,2030,340.06,22.61,2.12,0.64,49.83,4.84,76.19,76.71,8.1,0.06,98.97,2030,11620.23,2500.83,3909.52,4029.23,991.03,149.11,40.51,2030,1433.37,736.29,531.92,37.43,127.73,0.0,0.0,2030,1479.62,648.68,628.39,178.56,23.99,0.0,0.0,2030,6110.73,969.76,2744.41,1636.99,621.01,98.05,40.51,2030,2596.5,146.1,6.03,4.81,218.3,51.05,340.41,744.24,27.54,2.91,1055.1,2030,331.75,97.48,80.42,127.7,24.07,2.07,0.0,2030,56.49,37.9,16.45,0.22,1.91,0.0,0.0,2030,57.33,29.03,24.33,3.47,0.5,0.0,0.0,2030,113.92,24.67,39.65,36.74,12.77,0.09,0.0,2030,104.02,5.88,0.13,0.0,8.89,1.98,9.68,32.78,0.0,0.06,44.61,2030,2934.3,678.67,775.09,1237.75,199.99,16.32,26.46,2030,494.94,210.56,250.95,7.79,25.63,0.0,0.0,2030,526.53,240.66,226.95,54.29,4.63,0.0,0.0,2030,1039.89,175.23,296.35,439.38,102.11,0.35,26.46,2030,872.94,52.21,2.93,0.83,67.62,15.97,98.16,228.43,12.6,2.5,391.68,2030,1802.24,830.02,181.89,568.33,206.37,7.47,8.15,2030,349.41,271.97,16.99,4.85,55.6,0.0,0.0,2030,240.15,163.34,62.45,11.07,3.29,0.0,0.0,2030,740.68,363.93,101.06,158.53,107.52,1.5,8.15,2030,472.01,30.78,0.42,1.4,39.97,5.98,89.1,112.87,6.28,0.15,185.06,2030,685.1,103.95,296.93,250.68,28.84,4.7,0.0,2030,55.18,16.81,36.74,0.14,1.49,0.0,0.0,2030,86.99,30.75,51.48,3.72,1.05,0.0,0.0,2030,390.16,49.03,208.69,116.61,15.54,0.29,0.0,2030,152.77,7.36,0.04,0.03,10.76,4.41,2.63,66.25,0.0,0.01,61.28
2031,3917.68,342.41,2115.17,1169.14,163.84,124.19,2.92,2031,215.9,49.73,156.81,1.06,8.3,0.0,0.0,2031,348.07,71.38,182.96,89.42,4.31,0.0,0.0,2031,2885.46,196.98,1773.8,692.71,117.57,101.48,2.92,2031,468.25,24.32,0.31,1.6,33.66,22.71,37.89,167.74,0.0,0.09,179.93,2031,1278.79,298.67,315.65,347.36,308.67,6.72,1.71,2031,148.71,85.43,47.9,0.52,14.85,0.0,0.0,2031,142.74,70.17,56.28,6.36,9.93,0.0,0.0,2031,653.83,116.66,210.84,89.15,235.12,0.35,1.71,2031,333.51,26.41,1.98,0.63,48.77,6.37,75.63,73.39,7.56,0.06,92.7,2031,11510.02,2570.15,3795.37,3914.57,1015.07,175.76,39.1,2031,1418.08,744.31,514.74,35.56,123.46,0.0,0.0,2031,1466.85,660.14,603.1,179.0,24.6,0.01,0.0,2031,6059.48,986.12,2672.71,1616.61,639.49,105.45,39.1,2031,2565.6,179.57,5.66,4.81,227.51,70.31,338.23,712.14,26.31,2.96,998.11,2031,330.5,99.81,79.2,123.95,24.63,2.9,0.0,2031,56.11,38.26,15.79,0.2,1.85,0.0,0.0,2031,56.34,29.2,23.16,3.43,0.55,0.0,0.0,2031,114.6,24.93,40.25,36.2,13.03,0.18,0.0,2031,103.45,7.41,0.13,0.0,9.21,2.72,9.56,31.64,0.0,0.06,42.72,2031,2923.33,708.61,751.15,1202.62,211.73,23.36,25.87,2031,488.64,214.89,241.46,7.28,25.0,0.0,0.0,2031,525.44,247.13,218.54,54.61,5.15,0.0,0.0,2031,1040.22,180.7,290.3,436.46,106.05,0.84,25.87,2031,869.04,65.88,2.76,0.84,75.54,22.51,98.01,218.75,12.17,2.54,370.04,2031,1794.09,841.87,175.29,552.57,206.47,10.15,7.75,2031,345.39,271.56,16.12,4.42,53.29,0.0,0.0,2031,239.71,165.49,60.32,10.65,3.24,0.0,0.0,2031,742.86,368.5,97.44,156.77,110.67,1.73,7.75,2031,466.13,36.31,0.39,1.4,39.27,8.42,88.33,110.2,5.99,0.15,175.67,2031,679.4,106.75,289.74,244.78,31.18,6.93,0.0,2031,54.8,17.21,35.93,0.13,1.53,0.0,0.0,2031,85.08,30.76,49.42,3.73,1.16,0.0,0.0,2031,386.75,49.14,204.36,115.51,17.1,0.64,0.0,2031,152.77,9.64,0.04,0.03,11.39,6.3,2.59,63.99,0.0,0.01,58.77
2032,3835.89,350.16,2028.99,1134.87,171.26,147.82,2.8,2032,213.59,51.34,152.78,0.99,8.48,0.0,0.0,2032,341.61,72.82,174.11,90.03,4.65,0.0,0.0,2032,2824.36,196.17,1700.5,683.38,122.9,118.61,2.8,2032,456.33,29.82,0.29,1.6,35.23,29.2,37.39,154.58,0.0,0.09,168.12,2032,1268.22,306.86,306.27,335.43,309.12,8.81,1.73,2032,147.81,86.87,46.27,0.48,14.19,0.0,0.0,2032,140.82,71.21,53.77,6.35,9.49,0.0,0.0,2032,651.65,118.29,205.59,87.81,237.65,0.57,1.73,2032,327.94,30.49,1.86,0.63,47.79,8.25,75.16,69.95,7.03,0.06,86.72,2032,11381.2,2639.13,3657.87,3796.44,1033.4,217.31,37.05,2032,1402.66,752.8,496.76,33.7,119.38,0.01,0.0,2032,1453.9,672.92,576.56,179.32,25.09,0.01,0.0,2032,5992.41,996.94,2579.73,1599.47,655.09,124.13,37.05,2032,2532.24,216.47,5.31,4.82,233.84,93.16,335.91,672.35,24.98,3.01,942.38,2032,329.26,102.49,77.74,119.77,25.36,3.89,0.01,2032,55.74,38.64,15.12,0.19,1.78,0.0,0.0,2032,55.44,29.48,21.97,3.4,0.59,0.0,0.0,2032,115.28,25.22,40.65,35.8,13.32,0.28,0.01,2032,102.81,9.15,0.12,0.0,9.67,3.61,9.44,30.24,0.0,0.06,40.52,2032,2910.0,741.53,726.29,1168.02,217.94,31.76,24.46,2032,482.26,219.54,231.55,6.79,24.38,0.0,0.0,2032,524.08,254.28,209.28,54.94,5.59,0.01,0.0,2032,1039.99,186.49,284.61,433.82,109.21,1.4,24.46,2032,863.66,81.23,2.6,0.85,78.76,30.35,97.75,206.34,11.66,2.58,351.55,2032,1784.97,853.44,168.63,534.67,207.54,13.32,7.38,2032,341.38,270.98,15.28,4.02,51.09,0.0,0.0,2032,239.31,167.82,58.01,10.27,3.21,0.0,0.0,2032,744.4,372.41,93.94,155.31,113.5,1.88,7.38,2032,459.88,42.23,0.37,1.4,39.74,11.44,87.53,105.41,5.69,0.15,165.92,2032,673.19,109.95,281.92,238.32,33.43,9.56,0.0,2032,54.41,17.64,35.07,0.12,1.58,0.0,0.0,2032,83.24,30.88,47.36,3.74,1.26,0.0,0.0,2032,383.22,49.18,199.46,115.14,18.41,1.02,0.0,2032,152.32,12.25,0.04,0.03,12.18,8.53,2.56,60.92,0.0,0.01,55.79
2033,3707.78,355.79,1910.81,1090.76,176.4,171.35,2.67,2033,210.97,53.1,148.32,0.91,8.64,0.0,0.0,2033,334.97,74.29,165.24,90.5,4.94,0.0,0.0,2033,2719.69,193.05,1595.65,666.03,126.73,135.56,2.67,2033,442.15,35.35,0.27,1.6,36.1,35.79,36.85,140.49,0.0,0.09,155.62,2033,1257.21,315.04,296.32,324.32,308.75,11.07,1.71,2033,146.99,88.38,44.63,0.44,13.54,0.0,0.0,2033,138.79,72.14,51.26,6.34,9.05,0.0,0.0,2033,648.21,119.77,199.8,86.87,239.27,0.8,1.71,2033,323.22,34.76,1.73,0.63,46.9,10.27,74.72,66.57,6.54,0.06,81.04,2033,11201.89,2708.5,3489.12,3662.32,1046.16,261.01,34.78,2033,1386.83,761.59,477.95,31.87,115.42,0.01,0.0,2033,1439.99,686.02,548.98,179.51,25.46,0.02,0.0,2033,5881.11,1005.19,2457.38,1573.19,667.7,142.87,34.78,2033,2493.96,255.7,4.97,4.82,237.59,118.1,333.25,628.34,23.65,3.05,884.49,2033,327.57,105.29,75.97,115.13,26.19,4.98,0.01,2033,55.36,39.02,14.44,0.18,1.72,0.0,0.0,2033,54.41,29.67,20.76,3.36,0.62,0.0,0.0,2033,115.82,25.53,40.77,35.4,13.72,0.39,0.01,2033,101.98,11.07,0.11,0.0,10.12,4.59,9.31,28.54,0.0,0.06,38.18,2033,2895.12,776.78,702.81,1129.14,222.23,41.24,22.92,2033,475.78,224.4,221.28,6.32,23.77,0.01,0.0,2033,522.38,261.92,199.24,55.26,5.95,0.01,0.0,2033,1040.63,192.61,281.43,429.81,111.85,2.01,22.92,2033,856.33,97.85,2.43,0.86,80.65,39.21,97.4,192.39,11.12,2.62,331.79,2033,1774.1,864.47,161.6,515.91,208.24,16.94,6.95,2033,337.31,270.24,14.44,3.66,48.98,0.0,0.0,2033,238.83,170.23,55.47,9.91,3.23,0.0,0.0,2033,744.82,375.54,90.3,153.82,116.08,2.13,6.95,2033,453.14,48.46,0.34,1.39,39.95,14.81,86.69,99.87,5.4,0.15,156.07,2033,669.59,113.77,276.24,231.44,35.58,12.56,0.0,2033,54.05,18.13,34.18,0.11,1.62,0.0,0.0,2033,81.34,30.88,45.35,3.76,1.35,0.0,0.0,2033,382.68,49.59,196.68,115.14,19.8,1.46,0.0,2033,151.53,15.17,0.03,0.03,12.8,11.1,2.53,57.28,0.0,0.01,52.58
2034,3564.02,361.04,1767.98,1045.64,179.73,207.07,2.56,2034,208.22,55.0,143.6,0.84,8.77,0.0,0.0,2034,328.17,75.87,156.24,90.89,5.17,0.0,0.0,2034,2600.18,189.24,1466.55,648.06,129.26,164.51,2.56,2034,427.46,40.93,0.25,1.6,36.54,42.55,36.3,126.13,0.0,0.09,143.08,2034,1247.15,323.19,286.55,314.24,307.94,13.56,1.69,2034,146.33,89.99,43.01,0.41,12.92,0.0,0.0,2034,137.02,73.25,48.81,6.35,8.61,0.0,0.0,2034,643.85,120.63,194.1,86.14,240.23,1.06,1.69,2034,319.96,39.33,1.62,0.63,46.17,12.49,74.42,63.42,6.09,0.07,75.73,2034,10994.6,2776.51,3294.14,3518.85,1054.75,317.91,32.42,2034,1370.76,770.45,458.69,30.07,111.54,0.02,0.0,2034,1425.14,699.39,520.45,179.61,25.65,0.03,0.0,2034,5747.46,1010.64,2310.19,1543.62,677.09,173.5,32.42,2034,2451.24,296.03,4.65,4.82,240.47,144.37,330.12,580.19,22.31,3.08,825.2,2034,325.25,108.07,73.95,110.12,26.96,6.14,0.01,2034,54.99,39.41,13.76,0.16,1.66,0.0,0.0,2034,53.24,29.77,19.51,3.32,0.65,0.0,0.0,2034,116.06,25.79,40.68,34.96,14.13,0.5,0.01,2034,100.96,13.11,0.1,0.0,10.52,5.64,9.18,26.59,0.0,0.06,35.75,2034,2871.31,811.46,678.49,1083.68,225.33,51.06,21.29,2034,469.08,229.24,210.81,5.86,23.15,0.01,0.0,2034,519.97,269.6,188.59,55.53,6.23,0.02,0.0,2034,1036.85,197.92,278.23,423.04,113.76,2.61,21.29,2034,845.42,114.7,2.28,0.86,82.19,48.42,96.84,176.24,10.55,2.65,310.7,2034,1761.18,874.35,155.13,496.04,208.59,20.58,6.49,2034,333.23,269.36,13.62,3.33,46.93,0.0,0.0,2034,238.16,172.58,52.78,9.58,3.22,0.0,0.0,2034,743.82,377.54,87.34,151.96,118.31,2.18,6.49,2034,445.97,54.88,0.32,1.39,40.13,18.4,85.81,93.59,5.13,0.15,146.19,2034,668.68,118.27,273.12,223.77,37.61,15.91,0.0,2034,53.67,18.65,33.26,0.1,1.66,0.0,0.0,2034,79.38,30.86,43.3,3.79,1.43,0.0,0.0,2034,385.03,50.42,196.53,114.93,21.21,1.94,0.0,2034,150.6,18.35,0.03,0.03,13.3,13.96,2.5,53.19,0.0,0.01,49.21
2035,3399.09,364.56,1626.63,1001.42,180.52,223.53,2.44,2035,205.28,56.95,138.66,0.78,8.89,0.0,0.0,2035,321.33,77.44,147.4,91.15,5.35,0.01,0.0,2035,2461.96,184.49,1338.97,631.17,130.42,174.48,2.44,2035,410.51,45.68,0.23,1.6,35.87,49.04,35.37,112.07,0.0,0.09,130.55,2035,1237.26,331.06,276.94,303.48,306.63,17.44,1.71,2035,145.76,91.65,41.41,0.38,12.33,0.0,0.0,2035,135.57,74.54,46.46,6.37,8.2,0.0,0.0,2035,638.69,121.17,188.45,85.35,240.68,1.33,1.71,2035,317.25,43.7,1.51,0.63,45.42,16.11,73.38,60.04,5.68,0.07,70.71,2035,10746.14,2837.24,3092.14,3366.84,1056.73,363.14,30.04,2035,1354.53,779.19,439.24,28.32,107.75,0.02,0.0,2035,1409.71,712.6,491.77,179.6,25.7,0.05,0.0,2035,5583.16,1012.76,2156.31,1512.55,683.76,187.74,30.04,2035,2398.74,332.7,4.34,4.82,239.52,175.33,323.54,529.3,20.95,3.11,765.14,2035,321.61,110.45,71.77,104.49,27.4,7.48,0.01,2035,54.58,39.74,13.08,0.15,1.6,0.0,0.0,2035,52.12,29.88,18.29,3.28,0.66,0.0,0.0,2035,115.94,25.99,40.4,34.42,14.49,0.62,0.01,2035,98.98,14.84,0.1,0.0,10.64,6.86,8.95,24.34,0.0,0.06,33.19,2035,2834.94,843.84,646.97,1033.55,226.54,64.51,19.53,2035,462.4,234.07,200.34,5.43,22.54,0.01,0.0,2035,517.14,277.28,177.6,55.79,6.44,0.03,0.0,2035,1025.93,202.6,268.17,414.87,115.27,5.49,19.53,2035,829.48,129.88,2.12,0.87,82.29,58.98,95.16,158.87,9.91,2.68,288.72,2035,1745.86,883.0,148.2,474.6,208.41,25.57,6.08,2035,329.12,268.31,12.83,3.02,44.95,0.0,0.0,2035,237.24,174.78,50.0,9.27,3.19,0.0,0.0,2035,741.69,378.92,83.97,149.97,120.28,2.47,6.08,2035,437.8,60.98,0.3,1.39,39.99,23.1,84.0,86.72,4.86,0.15,136.32,2035,661.99,121.98,266.09,215.35,39.02,19.54,0.0,2035,53.3,19.2,32.31,0.09,1.7,0.0,0.0,2035,77.42,30.82,41.3,3.81,1.5,0.0,0.0,2035,382.99,50.76,192.46,114.8,22.48,2.49,0.0,2035,148.27,21.19,0.03,0.03,13.34,17.05,2.45,48.59,0.0,0.01,45.57
2036,3232.72,368.58,1495.49,955.06,180.19,231.09,2.31,2036,202.21,58.95,132.18,0.71,8.98,1.4,0.0,2036,314.53,78.95,138.76,91.34,5.48,0.01,0.0,2036,2321.72,179.83,1222.96,611.78,130.65,174.18,2.31,2036,394.26,50.85,0.22,1.59,35.09,55.5,33.88,99.12,0.0,0.09,117.92,2036,1228.22,340.32,268.02,290.9,305.2,22.04,1.74,2036,145.26,93.32,39.83,0.34,11.76,0.0,0.0,2036,134.26,76.03,44.04,6.41,7.77,0.0,0.0,2036,633.81,121.82,183.52,84.61,240.55,1.57,1.74,2036,314.89,49.14,1.4,0.63,45.12,20.47,71.13,56.85,5.3,0.07,64.78,2036,10494.12,2900.56,2902.41,3203.13,1056.63,403.55,27.84,2036,1338.19,787.74,418.36,26.63,104.04,1.42,0.0,2036,1393.85,725.4,463.29,179.51,25.59,0.07,0.0,2036,5415.38,1014.11,2015.94,1476.18,688.1,193.2,27.84,2036,2346.71,373.31,4.03,4.82,238.91,208.86,312.01,480.78,19.67,3.14,701.19,2036,317.55,113.0,69.6,98.4,27.7,8.84,0.01,2036,54.16,40.07,12.4,0.14,1.55,0.0,0.0,2036,50.97,29.96,17.1,3.24,0.68,0.0,0.0,2036,115.5,26.13,40.09,33.76,14.78,0.73,0.01,2036,96.91,16.85,0.09,0.0,10.7,8.11,8.59,22.14,0.0,0.06,30.38,2036,2797.93,876.19,617.34,979.8,227.54,79.32,17.74,2036,455.7,238.79,189.95,5.02,21.91,0.02,0.0,2036,513.55,284.34,166.62,55.97,6.58,0.04,0.0,2036,1015.71,207.24,259.91,405.55,116.74,8.54,17.74,2036,812.97,145.83,1.97,0.87,82.3,70.72,91.88,142.14,9.28,2.7,265.28,2036,1730.09,891.55,142.31,450.93,208.24,31.23,5.83,2036,325.01,267.16,12.07,2.75,43.02,0.0,0.0,2036,236.18,176.84,47.21,8.99,3.15,0.0,0.0,2036,739.39,379.67,81.64,147.67,121.91,2.67,5.83,2036,429.51,67.88,0.28,1.39,40.16,28.56,80.84,79.99,4.61,0.16,125.66,2036,653.32,125.77,257.55,205.61,40.03,24.36,0.0,2036,52.94,19.77,31.36,0.08,1.73,0.0,0.0,2036,75.61,30.89,39.32,3.85,1.55,0.0,0.0,2036,379.33,50.95,186.85,113.57,23.51,4.45,0.0,2036,145.44,24.16,0.03,0.03,13.23,19.91,2.36,44.05,0.0,0.01,41.66
2037,3087.16,373.4,1375.42,908.8,180.02,247.26,2.26,2037,199.12,61.01,127.06,0.66,9.05,1.35,0.0,2037,308.07,80.47,130.51,91.5,5.58,0.01,0.0,2037,2199.68,175.84,1116.26,590.75,130.91,183.66,2.26,2037,380.29,56.07,0.2,1.59,34.49,62.24,32.42,87.27,0.0,0.09,105.92,2037,1221.63,349.94,260.59,278.82,303.84,26.64,1.8,2037,144.77,94.97,38.27,0.32,11.21,0.0,0.0,2037,133.16,77.57,41.76,6.46,7.37,0.0,0.0,2037,630.64,122.79,179.94,83.97,240.34,1.81,1.8,2037,313.06,54.61,1.3,0.63,44.92,24.82,68.87,53.92,4.95,0.07,58.97,2037,10271.74,2964.27,2729.6,3042.56,1057.35,451.94,26.01,2037,1321.87,795.99,399.08,25.0,100.41,1.39,0.0,2037,1378.14,737.42,435.87,179.38,25.38,0.1,0.0,2037,5272.72,1017.62,1889.84,1439.25,692.71,207.29,26.01,2037,2299.0,413.24,3.72,4.81,238.84,243.16,300.51,434.83,18.46,3.16,638.26,2037,313.52,115.49,67.47,92.34,28.02,10.18,0.01,2037,53.72,40.37,11.74,0.13,1.49,0.0,0.0,2037,49.86,30.02,15.96,3.2,0.68,0.0,0.0,2037,115.01,26.28,39.77,33.05,15.06,0.84,0.01,2037,94.92,18.82,0.08,0.0,10.79,9.34,8.23,20.01,0.0,0.06,27.58,2037,2765.55,908.32,589.9,927.06,228.96,95.18,16.14,2037,449.03,243.34,179.72,4.64,21.29,0.03,0.0,2037,509.76,290.89,156.0,56.13,6.67,0.07,0.0,2037,1008.97,212.78,253.3,396.39,118.61,11.76,16.14,2037,797.79,161.31,1.82,0.87,82.39,83.31,88.56,126.13,8.67,2.72,242.0,2037,1714.67,899.64,136.99,427.41,208.22,36.8,5.6,2037,320.95,265.92,11.36,2.5,41.17,0.0,0.0,2037,234.98,178.66,44.5,8.73,3.09,0.01,0.0,2037,737.42,380.38,79.75,145.21,123.57,2.9,5.6,2037,421.33,74.68,0.26,1.39,40.38,33.89,77.69,73.46,4.37,0.16,115.05,2037,644.03,129.41,250.37,195.67,40.97,27.59,0.0,2037,52.57,20.35,30.38,0.07,1.77,0.0,0.0,2037,73.89,31.02,37.39,3.88,1.6,0.0,0.0,2037,375.18,51.07,182.57,112.05,24.47,5.02,0.0,2037,142.38,26.98,0.03,0.03,13.14,22.56,2.27,39.61,0.0,0.01,37.75
2038,2950.13,378.8,1262.01,874.18,178.66,254.24,2.24,2038,196.02,63.11,120.62,0.6,9.09,2.59,0.0,2038,301.97,81.94,122.68,91.69,5.65,0.01,0.0,2038,2084.82,172.71,1017.11,579.3,130.4,183.05,2.24,2038,367.32,61.04,0.18,1.59,33.53,68.58,31.01,76.76,0.0,0.09,94.54,2038,1214.91,359.33,254.15,266.7,301.86,31.03,1.84,2038,144.28,96.58,36.72,0.29,10.68,0.0,0.0,2038,132.2,79.07,39.61,6.52,6.99,0.0,0.0,2038,627.49,123.8,177.19,83.16,239.5,2.01,1.84,2038,310.95,59.89,1.19,0.63,44.69,29.01,66.48,51.12,4.62,0.07,53.23,2038,10060.08,3025.33,2565.85,2896.27,1055.1,493.18,24.35,2038,1305.5,803.8,378.77,23.43,96.85,2.66,0.0,2038,1362.73,748.54,409.63,179.31,25.09,0.16,0.0,2038,5139.17,1021.54,1772.64,1411.53,696.04,213.06,24.35,2038,2252.68,451.44,3.42,4.81,237.12,277.3,288.86,392.5,17.3,3.19,576.74,2038,309.38,117.81,65.34,86.51,28.2,11.5,0.02,2038,53.28,40.63,11.09,0.12,1.43,0.0,0.0,2038,48.71,30.01,14.86,3.15,0.68,0.0,0.0,2038,114.39,26.41,39.38,32.31,15.3,0.96,0.02,2038,93.0,20.75,0.08,0.0,10.79,10.54,7.88,18.06,0.0,0.06,24.86,2038,2735.96,938.9,563.54,876.62,229.94,112.27,14.71,2038,442.37,247.64,169.73,4.28,20.66,0.06,0.0,2038,505.92,297.01,145.81,56.27,6.71,0.11,0.0,2038,1004.01,218.27,247.11,387.64,120.88,15.39,14.71,2038,783.67,175.97,1.67,0.88,81.68,96.71,85.22,111.54,8.08,2.74,219.18,2038,1698.98,906.67,132.55,404.11,208.12,42.14,5.39,2038,316.91,264.59,10.67,2.27,39.38,0.0,0.0,2038,233.64,180.24,41.87,8.49,3.03,0.01,0.0,2038,735.18,380.47,78.62,142.5,125.12,3.08,5.39,2038,413.25,81.36,0.23,1.39,40.59,39.06,74.55,67.22,4.14,0.16,104.56,2038,635.94,133.01,243.37,185.81,41.66,32.08,0.0,2038,52.19,20.92,29.41,0.07,1.79,0.0,0.0,2038,72.16,31.08,35.53,3.91,1.64,0.0,0.0,2038,372.37,51.39,178.4,110.17,25.38,7.04,0.0,2038,139.21,29.62,0.02,0.03,12.86,25.03,2.18,35.52,0.0,0.01,33.93
2039,2828.11,385.21,1156.95,841.6,177.34,264.78,2.24,2039,192.96,65.26,114.31,0.55,9.11,3.74,0.0,2039,296.36,83.42,114.12,91.91,5.69,1.23,0.0,2039,1982.81,170.64,926.94,568.27,129.79,184.94,2.24,2039,355.97,65.89,0.17,1.59,32.75,74.86,29.65,67.2,0.0,0.09,83.76,2039,1208.97,368.6,249.05,254.75,299.51,35.22,1.84,2039,143.71,98.09,35.18,0.26,10.17,0.01,0.0,2039,131.2,80.4,37.58,6.57,6.63,0.01,0.0,2039,625.5,125.21,175.65,82.34,238.27,2.19,1.84,2039,308.57,64.91,1.09,0.63,44.43,33.02,63.98,48.48,4.32,0.07,47.63,2039,9871.35,3085.24,2413.73,2756.24,1053.28,539.94,22.92,2039,1289.09,811.07,358.88,21.94,93.36,3.85,0.0,2039,1348.15,759.08,383.55,179.31,24.74,1.47,0.0,2039,5023.07,1027.18,1666.49,1385.02,699.38,222.08,22.92,2039,2211.04,487.91,3.12,4.81,235.8,312.55,277.36,353.28,16.21,3.21,516.8,2039,305.5,120.11,63.27,80.87,28.41,12.82,0.02,2039,52.83,40.88,10.46,0.11,1.38,0.0,0.0,2039,47.66,30.03,13.83,3.11,0.68,0.0,0.0,2039,113.79,26.58,38.97,31.59,15.54,1.09,0.02,2039,91.23,22.63,0.07,0.0,10.82,11.72,7.53,16.21,0.0,0.06,22.19,2039,2710.38,968.21,537.41,828.78,230.96,131.54,13.48,2039,435.74,251.67,160.01,3.94,20.03,0.1,0.0,2039,502.24,302.81,136.1,56.43,6.71,0.19,0.0,2039,1000.87,224.13,240.43,379.61,123.65,19.57,13.48,2039,771.53,189.59,1.53,0.88,80.57,111.68,81.89,98.34,7.51,2.77,196.78,2039,1683.59,913.13,128.19,380.99,208.62,47.48,5.19,2039,312.9,263.16,10.02,2.06,37.65,0.0,0.0,2039,232.24,181.65,39.35,8.27,2.96,0.01,0.0,2039,732.87,380.41,77.44,139.76,126.74,3.34,5.19,2039,405.59,87.9,0.21,1.38,41.26,44.13,71.44,61.04,3.93,0.16,94.13,2039,626.82,136.38,235.65,176.12,42.24,36.43,0.0,2039,51.77,21.48,28.41,0.06,1.82,0.01,0.0,2039,70.59,31.21,33.78,3.93,1.67,0.01,0.0,2039,368.49,51.62,173.43,108.16,26.16,9.13,0.0,2039,135.97,32.08,0.02,0.03,12.6,27.29,2.09,31.62,0.0,0.01,30.21
2040,2740.28,393.64,1080.85,811.45,177.33,274.67,2.35,2040,189.97,67.42,108.15,0.51,9.11,4.78,0.0,2040,291.25,84.98,106.05,92.2,5.7,2.31,0.0,2040,1912.11,170.34,865.06,558.27,130.03,186.06,2.35,2040,346.96,70.89,0.15,1.59,32.49,81.52,27.64,58.87,0.0,0.09,73.72,2040,1204.49,377.79,245.5,241.55,298.51,39.31,1.83,2040,143.08,99.49,33.67,0.24,9.67,0.01,0.0,2040,130.11,81.56,35.64,6.62,6.29,0.01,0.0,2040,625.11,127.0,175.56,81.55,236.82,2.35,1.83,2040,306.18,69.74,0.98,0.63,45.73,36.94,59.85,45.99,4.04,0.07,42.21,2040,9725.33,3145.28,2292.91,2618.84,1057.26,589.2,21.84,2040,1272.8,817.82,339.17,20.51,89.93,5.37,0.0,2040,1334.29,769.12,358.71,179.42,24.32,2.71,0.0,2040,4943.27,1035.59,1590.22,1360.61,703.79,231.23,21.84,2040,2174.98,522.74,2.82,4.81,239.22,349.9,259.3,318.52,15.18,3.24,459.26,2040,302.0,122.45,61.27,75.41,28.7,14.14,0.03,2040,52.37,41.09,9.85,0.1,1.32,0.0,0.0,2040,46.72,30.11,12.86,3.07,0.68,0.01,0.0,2040,113.26,26.78,38.56,30.92,15.76,1.22,0.03,2040,89.65,24.47,0.06,0.0,10.95,12.91,7.01,14.55,0.0,0.06,19.63,2040,2692.62,996.36,513.39,783.02,233.5,153.85,12.5,2040,429.25,255.45,150.61,3.62,19.4,0.17,0.0,2040,498.85,308.37,126.86,56.61,6.68,0.34,0.0,2040,1002.65,230.58,235.04,372.98,126.97,24.58,12.5,2040,761.86,201.96,1.38,0.88,80.46,128.76,76.6,86.92,6.96,2.79,175.15,2040,1666.63,919.07,122.24,357.01,210.6,52.72,4.99,2040,308.93,261.67,9.31,1.86,35.99,0.1,0.0,2040,230.79,182.89,36.92,8.08,2.89,0.02,0.0,2040,728.44,380.14,74.63,136.85,128.35,3.48,4.99,2040,398.47,94.37,0.19,1.38,43.38,49.12,66.64,55.48,3.73,0.16,84.01,2040,619.4,139.9,228.36,167.19,42.71,41.25,0.0,2040,51.32,22.01,27.12,0.06,1.83,0.3,0.0,2040,69.06,31.36,32.05,3.95,1.69,0.01,0.0,2040,365.99,52.1,169.16,106.4,26.93,11.41,0.0,2040,133.04,34.43,0.02,0.03,12.26,29.53,1.96,28.13,0.0,0.01,26.67
2041,2655.96,402.45,1004.99,782.47,179.04,284.62,2.38,2041,187.09,69.63,101.95,0.46,9.31,5.74,0.0,2041,286.37,86.62,97.94,92.66,5.89,3.25,0.0,2041,1843.63,170.43,803.51,547.71,131.61,187.99,2.38,2041,338.87,75.77,0.14,1.6,32.23,87.64,25.65,51.37,0.0,0.09,64.39,2041,1199.65,386.92,242.17,227.39,297.23,44.2,1.73,2041,142.45,100.85,32.18,0.22,9.19,0.01,0.0,2041,128.81,82.52,33.68,6.65,5.94,0.01,0.0,2041,624.67,129.13,175.68,80.66,234.95,2.5,1.73,2041,303.73,74.42,0.88,0.63,47.15,41.68,55.66,42.66,3.67,0.07,36.91,2041,9586.5,3202.65,2164.38,2482.52,1064.08,652.61,20.26,2041,1256.94,824.25,318.4,19.16,87.19,7.95,0.0,2041,1320.56,778.54,333.94,179.75,24.36,3.97,0.0,2041,4864.94,1044.09,1507.23,1333.85,709.79,249.72,20.26,2041,2144.06,555.77,2.52,4.81,242.74,390.98,241.16,284.66,13.8,3.26,404.36,2041,298.76,124.71,59.27,70.28,29.03,15.45,0.03,2041,51.92,41.29,9.25,0.09,1.29,0.0,0.0,2041,45.8,30.16,11.9,3.04,0.69,0.01,0.0,2041,112.79,27.0,38.12,30.3,15.99,1.37,0.03,2041,88.24,26.27,0.06,0.0,11.06,14.07,6.49,13.02,0.0,0.06,17.21,2041,2667.97,1021.12,477.28,734.13,236.56,187.63,11.26,2041,422.96,258.98,139.78,3.33,19.06,1.81,0.0,2041,495.78,313.68,117.78,56.84,6.85,0.62,0.0,2041,994.58,235.6,218.84,361.73,130.27,36.88,11.26,2041,754.66,212.85,1.23,0.88,80.37,148.33,71.24,76.26,6.24,2.81,154.44,2041,1653.79,924.99,118.26,333.76,212.86,59.17,4.75,2041,305.06,260.16,8.73,1.69,34.38,0.1,0.0,2041,229.43,184.1,34.6,7.91,2.81,0.02,0.0,2041,727.5,379.95,73.55,134.48,130.24,4.53,4.75,2041,391.8,100.78,0.17,1.38,45.43,54.53,61.85,49.79,3.45,0.16,74.27,2041,613.84,143.54,221.65,159.04,43.45,46.16,0.0,2041,50.85,22.52,26.08,0.05,1.9,0.29,0.0,2041,67.37,31.44,30.2,3.95,1.76,0.01,0.0,2041,364.78,52.79,165.33,104.84,27.86,13.97,0.0,2041,130.84,36.8,0.02,0.03,11.92,31.89,1.82,24.97,0.0,0.01,23.38
2042,2577.41,411.46,936.67,755.81,180.44,290.61,2.41,2042,184.24,71.8,95.94,0.42,9.48,6.6,0.0,2042,281.65,88.27,90.07,93.25,6.0,4.06,0.0,2042,1779.96,171.09,749.06,537.83,132.82,186.75,2.41,2042,331.56,80.3,0.12,1.6,32.14,93.2,23.71,44.67,0.0,0.09,55.73,2042,1195.09,395.87,239.17,213.62,295.87,48.92,1.63,2042,141.8,102.12,30.73,0.2,8.73,0.01,0.0,2042,127.2,83.21,31.71,6.67,5.6,0.02,0.0,2042,624.74,131.73,176.11,79.66,232.97,2.65,1.63,2042,301.34,78.81,0.77,0.63,48.58,46.24,51.48,39.55,3.34,0.07,31.87,2042,9450.33,3256.25,2047.09,2351.1,1071.26,705.75,18.86,2042,1241.41,830.18,298.43,17.87,84.5,10.43,0.0,2042,1306.78,787.07,309.9,180.26,24.32,5.24,0.0,2042,4786.71,1052.99,1433.96,1306.02,715.55,259.33,18.86,2042,2115.42,586.02,2.22,4.81,246.9,430.75,223.13,253.67,12.52,3.29,352.12,2042,295.74,126.84,57.35,65.42,29.4,16.71,0.03,2042,51.5,41.48,8.67,0.08,1.25,0.01,0.0,2042,44.82,30.13,10.98,3.0,0.7,0.01,0.0,2042,112.42,27.25,37.71,29.69,16.23,1.52,0.03,2042,87.01,27.99,0.05,0.0,11.21,15.17,5.99,11.62,0.0,0.06,14.91,2042,2644.65,1043.81,445.76,687.63,239.81,217.5,10.15,2042,416.92,262.28,129.55,3.06,18.7,3.34,0.0,2042,492.85,318.61,109.13,57.09,6.97,1.05,0.0,2042,986.45,240.57,206.18,350.81,133.62,45.12,10.15,2042,748.43,222.35,1.09,0.89,80.52,167.99,65.86,66.65,5.58,2.84,134.67,2042,1638.19,930.02,112.76,310.56,215.66,64.65,4.53,2042,301.21,258.56,8.08,1.53,32.86,0.18,0.0,2042,228.08,185.19,32.3,7.76,2.81,0.03,0.0,2042,723.46,379.4,71.01,131.37,132.41,4.74,4.53,2042,385.43,106.87,0.15,1.38,47.59,59.7,57.07,44.45,3.18,0.16,64.88,2042,608.61,146.81,216.09,151.57,44.21,49.92,0.0,2042,50.36,23.01,25.06,0.05,1.97,0.29,0.0,2042,65.54,31.42,28.34,3.96,1.81,0.02,0.0,2042,364.24,53.55,162.66,103.51,28.81,15.72,0.0,2042,128.46,38.84,0.02,0.03,11.63,33.9,1.68,22.07,0.0,0.02,20.28
2043,2505.0,420.9,874.57,731.26,181.16,294.68,2.43,2043,181.48,73.95,91.2,0.39,9.6,6.34,0.0,2043,277.53,89.93,83.75,93.95,6.08,3.82,0.0,2043,1720.86,172.44,698.02,528.22,133.57,186.18,2.43,2043,325.14,84.58,0.1,1.61,31.91,98.34,21.8,38.92,0.0,0.09,47.79,2043,1193.84,405.0,236.65,200.7,294.78,55.16,1.55,2043,141.18,103.36,28.98,0.18,8.29,0.36,0.0,2043,125.62,83.78,29.85,6.69,5.27,0.02,0.0,2043,627.67,134.83,177.19,78.84,231.23,4.03,1.55,2043,299.37,83.03,0.67,0.63,49.99,50.75,47.34,36.69,3.04,0.07,27.17,2043,9328.26,3308.88,1936.96,2227.96,1077.5,759.42,17.56,2043,1226.38,835.72,278.55,16.66,81.82,13.63,0.0,2043,1294.33,795.13,287.32,180.97,24.17,6.74,0.0,2043,4718.04,1063.69,1366.28,1278.97,721.36,270.19,17.56,2043,2089.51,614.34,1.93,4.81,250.15,468.85,205.29,226.4,11.35,3.32,303.08,2043,293.12,128.95,55.56,60.96,29.69,17.93,0.03,2043,51.08,41.65,8.13,0.08,1.22,0.01,0.0,2043,43.95,30.13,10.12,2.98,0.7,0.02,0.0,2043,112.15,27.53,37.31,29.13,16.47,1.67,0.03,2043,85.94,29.64,0.04,0.0,11.29,16.24,5.5,10.4,0.0,0.06,12.77,2043,2623.17,1065.3,415.05,644.01,242.76,246.96,9.1,2043,411.16,265.33,118.6,2.8,18.31,6.12,0.0,2043,490.41,323.32,99.95,57.38,7.02,2.74,0.0,2043,978.97,245.75,195.62,340.34,136.92,51.24,9.1,2043,742.63,230.9,0.94,0.89,80.5,186.85,60.47,58.23,4.98,2.86,116.0,2043,1623.57,934.98,107.49,288.34,218.51,69.91,4.34,2043,297.42,256.92,7.47,1.39,31.39,0.26,0.0,2043,226.92,186.31,30.13,7.63,2.8,0.04,0.0,2043,719.79,379.06,68.51,128.08,134.87,4.93,4.34,2043,379.45,112.7,0.13,1.37,49.45,64.68,52.34,39.7,2.94,0.16,55.97,2043,604.47,149.96,209.78,144.67,44.8,55.27,0.0,2043,49.87,23.47,23.79,0.04,2.02,0.54,0.0,2043,63.78,31.36,26.59,3.96,1.85,0.03,0.0,2043,364.52,54.43,159.36,102.14,29.67,18.92,0.0,2043,126.3,40.7,0.01,0.03,11.25,35.79,1.54,19.54,0.0,0.02,17.42
2044,2437.18,430.47,816.74,708.66,181.46,297.41,2.45,2044,178.75,76.05,85.57,0.35,9.69,7.08,0.0,2044,273.75,91.51,76.97,94.67,6.12,4.49,0.0,2044,1665.12,174.34,652.59,519.26,133.81,182.67,2.45,2044,319.57,88.57,0.09,1.61,31.83,103.17,19.93,33.81,0.0,0.09,40.47,2044,1196.72,414.37,238.21,188.7,294.19,59.76,1.49,2044,140.62,104.57,27.66,0.17,7.87,0.36,0.0,2044,124.03,84.21,28.12,6.7,4.96,0.03,0.0,2044,634.04,138.46,181.8,78.3,229.88,4.11,1.49,2044,298.03,87.13,0.57,0.63,51.48,55.27,43.29,34.06,2.77,0.08,22.77,2044,9219.59,3360.07,1842.07,2112.42,1084.23,804.4,16.4,2044,1211.87,840.83,260.41,15.51,79.19,15.94,0.0,2044,1282.8,802.52,266.08,181.76,23.93,8.52,0.0,2044,4658.61,1075.93,1310.77,1253.72,727.05,274.75,16.4,2044,2066.3,640.79,1.63,4.8,254.07,505.2,187.73,201.62,10.28,3.34,256.83,2044,290.74,130.92,53.87,56.78,30.01,19.12,0.03,2044,50.68,41.81,7.61,0.07,1.18,0.01,0.0,2044,43.06,30.06,9.32,2.95,0.7,0.02,0.0,2044,111.97,27.86,36.94,28.59,16.73,1.82,0.03,2044,85.04,31.2,0.04,0.0,11.39,17.27,5.01,9.29,0.0,0.06,10.77,2044,2602.73,1085.34,389.74,602.99,245.66,270.83,8.16,2044,405.71,268.12,109.66,2.57,17.89,7.46,0.0,2044,488.38,327.72,92.44,57.71,7.03,3.48,0.0,2044,971.71,250.93,186.75,330.47,140.03,55.37,8.16,2044,736.92,238.57,0.8,0.89,80.7,204.52,55.12,50.72,4.42,2.89,98.3,2044,1610.09,939.7,101.61,266.99,221.64,75.98,4.17,2044,293.74,255.27,6.99,1.26,29.98,0.24,0.0,2044,225.76,187.32,27.78,7.52,2.78,0.36,0.0,2044,716.64,378.88,65.47,124.81,137.47,5.84,4.17,2044,373.96,118.23,0.11,1.37,51.42,69.53,47.7,35.25,2.71,0.16,47.47,2044,602.04,153.13,205.3,138.37,45.46,59.79,0.0,2044,49.36,23.89,22.57,0.04,2.07,0.79,0.0,2044,62.1,31.27,24.95,3.96,1.88,0.04,0.0,2044,366.13,55.54,157.75,100.92,30.58,21.34,0.0,2044,124.46,42.42,0.01,0.03,10.93,37.62,1.41,17.25,0.0,0.02,14.77
2045,2362.48,439.18,760.04,684.38,180.43,296.02,2.43,2045,176.09,78.07,81.15,0.32,9.74,6.81,0.0,2045,270.5,93.05,70.75,95.5,6.13,5.06,0.0,2045,1602.03,176.02,606.52,507.15,132.94,176.97,2.43,2045,313.86,92.04,0.07,1.62,31.61,107.18,18.08,29.42,0.0,0.09,33.75,2045,1183.64,421.45,225.22,177.06,293.32,65.19,1.4,2045,140.13,105.76,26.08,0.15,7.47,0.67,0.0,2045,122.59,84.63,26.51,6.73,4.68,0.04,0.0,2045,625.5,140.53,172.01,77.8,228.47,5.29,1.4,2045,295.43,90.53,0.47,0.62,52.71,59.19,39.18,31.46,2.51,0.08,18.67,2045,9089.69,3406.18,1735.6,2000.53,1087.88,844.24,15.26,2045,1198.09,845.65,244.06,14.43,76.58,17.37,0.0,2045,1273.01,809.74,245.52,182.78,23.62,11.37,0.0,2045,4576.21,1085.83,1241.23,1225.84,730.71,277.34,15.26,2045,2042.38,664.96,1.35,4.8,256.98,538.17,170.4,179.62,9.28,3.37,213.46,2045,288.58,132.82,52.28,52.96,30.23,20.28,0.02,2045,50.31,41.97,7.12,0.06,1.15,0.01,0.0,2045,42.23,29.98,8.59,2.93,0.7,0.03,0.0,2045,111.78,28.18,36.57,28.09,16.95,1.96,0.02,2045,84.27,32.69,0.03,0.0,11.43,18.27,4.54,8.32,0.0,0.07,8.93,2045,2582.77,1104.36,364.75,564.5,247.84,294.03,7.29,2045,400.62,270.71,101.29,2.35,17.45,8.81,0.0,2045,486.83,331.85,84.48,58.08,7.0,5.42,0.0,2045,964.12,255.99,178.09,320.97,142.61,59.16,7.29,2045,731.2,245.8,0.66,0.89,80.78,220.64,49.84,44.18,3.92,2.91,81.58,2045,1597.1,944.04,96.72,247.04,224.31,80.97,4.02,2045,290.16,253.63,6.46,1.14,28.63,0.3,0.0,2045,224.86,188.42,25.89,7.44,2.75,0.36,0.0,2045,713.21,378.47,63.0,121.84,139.82,6.07,4.02,2045,368.87,123.52,0.09,1.37,53.12,74.23,43.19,31.24,2.49,0.16,39.45,2045,600.17,156.06,201.3,132.5,46.03,64.29,0.0,2045,48.85,24.3,21.63,0.03,2.11,0.77,0.0,2045,60.43,31.09,23.17,3.97,1.9,0.3,0.0,2045,368.2,56.73,156.47,99.61,31.48,23.92,0.0,2045,122.7,43.95,0.01,0.03,10.54,39.3,1.28,15.26,0.0,0.02,12.33
2046,2300.52,448.56,713.18,661.55,179.36,295.42,2.44,2046,173.47,80.01,76.86,0.3,9.76,6.55,0.0,2046,267.6,94.53,65.8,96.35,6.12,4.8,0.0,2046,1550.25,178.65,568.91,495.33,132.03,172.88,2.44,2046,309.2,95.37,0.06,1.62,31.44,111.19,16.26,25.59,0.0,0.09,27.58,2046,1173.18,428.24,216.14,165.99,292.66,68.88,1.27,2046,139.65,106.89,24.87,0.14,7.1,0.65,0.0,2046,121.21,84.99,25.0,6.75,4.41,0.06,0.0,2046,619.64,142.88,165.64,77.65,226.92,5.28,1.27,2046,292.69,93.49,0.37,0.62,54.23,62.9,35.13,28.79,2.27,0.08,14.81,2046,8980.72,3451.66,1646.73,1895.45,1091.12,881.52,14.24,2046,1184.79,849.97,229.7,13.42,74.01,17.69,0.0,2046,1264.67,816.69,228.09,183.91,23.24,12.74,0.0,2046,4510.68,1097.26,1184.14,1199.65,733.66,281.74,14.24,2046,2020.58,687.74,1.06,4.8,260.22,569.34,153.52,159.54,8.37,3.4,172.58,2046,286.61,134.55,50.79,49.4,30.44,21.4,0.02,2046,49.94,42.1,6.66,0.06,1.11,0.02,0.0,2046,41.39,29.85,7.9,2.91,0.69,0.04,0.0,2046,111.65,28.51,36.23,27.59,17.19,2.1,0.02,2046,83.63,34.1,0.02,0.0,11.45,19.24,4.08,7.45,0.0,0.07,7.21,2046,2564.23,1122.59,343.18,528.66,249.44,313.83,6.52,2046,395.86,273.04,94.55,2.15,17.0,9.11,0.0,2046,485.95,335.81,78.01,58.52,6.93,6.69,0.0,2046,956.78,261.02,169.73,312.26,144.57,62.68,6.52,2046,725.64,252.72,0.52,0.89,80.94,235.36,44.65,38.44,3.46,2.94,65.71,2046,1585.14,948.13,91.33,228.2,226.84,86.75,3.88,2046,286.68,251.99,5.98,1.03,27.32,0.36,0.0,2046,224.2,189.6,23.86,7.37,2.71,0.65,0.0,2046,710.14,378.04,60.13,119.07,142.05,6.97,3.88,2046,364.13,128.5,0.07,1.37,54.76,78.78,38.88,27.47,2.29,0.16,31.84,2046,601.1,159.36,198.01,127.13,46.76,69.83,0.0,2046,48.35,24.69,20.48,0.03,2.15,1.0,0.0,2046,58.81,30.89,21.74,3.96,1.91,0.31,0.0,2046,372.46,58.3,155.76,98.39,32.55,27.48,0.0,2046,121.47,45.48,0.01,0.03,10.16,41.05,1.15,13.5,0.0,0.02,10.07
2047,2271.74,460.13,689.03,644.63,179.63,295.86,2.46,2047,170.96,81.88,72.72,0.27,9.75,6.33,0.0,2047,265.31,96.13,61.2,97.31,6.08,4.58,0.0,2047,1529.27,183.35,553.48,488.29,132.32,169.37,2.46,2047,306.21,98.78,0.04,1.62,31.47,115.58,14.49,22.22,0.0,0.09,21.92,2047,1186.45,437.85,223.56,155.71,293.37,74.76,1.2,2047,139.26,108.03,23.43,0.13,6.74,0.93,0.0,2047,119.97,85.35,23.33,6.77,4.17,0.36,0.0,2047,635.05,147.7,176.18,77.87,225.82,6.28,1.2,2047,292.17,96.77,0.27,0.62,56.65,67.19,31.29,26.06,2.06,0.08,11.19,2047,8934.3,3501.36,1600.39,1802.28,1096.9,920.0,13.36,2047,1172.31,854.03,215.82,12.46,71.47,18.53,0.0,2047,1258.01,823.54,210.81,185.23,22.81,15.62,0.0,2047,4500.45,1113.96,1168.96,1180.4,737.59,286.18,13.36,2047,2003.53,709.84,0.78,4.8,265.03,599.67,137.43,140.93,7.54,3.43,134.08,2047,285.07,136.33,49.41,46.1,30.7,22.5,0.02,2047,49.57,42.2,6.22,0.05,1.07,0.02,0.0,2047,40.74,29.83,7.28,2.9,0.68,0.06,0.0,2047,111.63,28.88,35.91,27.13,17.44,2.24,0.02,2047,83.12,35.43,0.02,0.0,11.51,20.17,3.64,6.68,0.0,0.07,5.62,2047,2546.99,1139.78,321.95,495.51,250.57,333.36,5.83,2047,391.54,275.17,88.19,1.97,16.53,9.69,0.0,2047,485.58,339.43,71.16,59.0,6.83,9.16,0.0,2047,949.86,265.98,161.71,304.54,145.88,65.93,5.83,2047,720.0,259.2,0.38,0.89,81.33,248.57,39.57,33.4,3.05,2.97,50.64,2047,1574.31,952.1,86.67,210.5,229.44,91.84,3.76,2047,283.34,250.39,5.59,0.93,26.08,0.34,0.0,2047,223.69,190.8,22.25,7.32,2.67,0.65,0.0,2047,707.6,377.83,57.46,116.64,144.17,7.74,3.76,2047,359.69,133.08,0.05,1.36,56.52,83.11,34.89,23.77,2.1,0.17,24.63,2047,604.24,163.06,196.68,122.4,47.64,74.46,0.0,2047,47.85,25.07,19.37,0.03,2.17,1.21,0.0,2047,57.5,30.88,20.19,3.97,1.92,0.54,0.0,2047,378.22,60.13,157.09,97.41,33.69,29.89,0.0,2047,120.67,46.98,0.01,0.03,9.86,42.81,1.02,11.94,0.0,0.02,8.0
2048,2252.77,472.41,669.91,629.16,179.83,298.97,2.49,2048,168.61,83.72,68.77,0.25,9.72,6.16,0.0,2048,263.42,97.71,56.26,98.34,6.03,5.08,0.0,2048,1516.51,188.85,543.24,481.6,132.62,167.71,2.49,2048,304.23,102.13,0.03,1.63,31.47,120.02,12.77,19.37,0.0,0.09,16.72,2048,1205.63,448.92,233.6,146.23,295.03,80.63,1.22,2048,139.07,109.26,22.09,0.12,6.4,1.2,0.0,2048,118.99,85.81,22.06,6.81,3.94,0.37,0.0,2048,654.35,153.45,188.83,78.11,225.48,7.25,1.22,2048,293.22,100.39,0.18,0.62,59.21,71.81,27.62,23.59,1.88,0.08,7.85,2048,8904.94,3552.23,1561.58,1716.1,1101.8,960.56,12.66,2048,1161.08,858.05,201.89,11.57,68.99,20.58,0.0,2048,1253.13,830.24,194.41,186.73,22.34,19.41,0.0,2048,4501.72,1132.85,1160.49,1162.78,741.02,291.91,12.66,2048,1989.02,731.09,0.51,4.8,269.44,628.65,122.15,124.24,6.77,3.46,97.89,2048,283.9,138.13,48.16,43.1,30.91,23.57,0.02,2048,49.22,42.28,5.82,0.05,1.04,0.03,0.0,2048,40.19,29.85,6.7,2.9,0.66,0.08,0.0,2048,111.73,29.29,35.64,26.71,17.69,2.37,0.02,2048,82.76,36.71,0.01,0.0,11.52,21.08,3.21,6.01,0.0,0.07,4.15,2048,2531.84,1156.42,301.1,464.99,250.92,353.23,5.19,2048,387.82,277.16,81.22,1.8,16.04,11.6,0.0,2048,485.9,342.76,64.85,59.54,6.71,12.04,0.0,2048,943.57,271.09,154.13,297.68,146.52,68.95,5.19,2048,714.55,265.41,0.25,0.9,81.64,260.63,34.63,29.07,2.68,2.99,36.34,2048,1564.42,955.87,81.95,194.23,231.7,97.01,3.65,2048,280.19,248.9,5.18,0.84,24.89,0.39,0.0,2048,223.26,191.95,20.5,7.29,2.62,0.91,0.0,2048,705.59,377.75,54.92,114.62,146.09,8.56,3.65,2048,355.38,137.28,0.03,1.36,58.1,87.16,31.27,20.26,1.92,0.17,17.83,2048,609.18,166.96,197.02,118.38,48.44,78.38,0.0,2048,47.39,25.43,18.53,0.03,2.2,1.21,0.0,2048,56.35,30.92,18.97,3.99,1.92,0.55,0.0,2048,385.2,62.15,159.49,96.73,34.8,32.03,0.0,2048,120.24,48.45,0.0,0.03,9.53,44.59,0.9,10.61,0.0,0.02,6.1
2049,2226.87,484.28,647.09,615.32,179.0,298.64,2.53,2049,166.41,85.49,65.0,0.22,9.66,6.04,0.0,2049,262.05,99.29,52.35,99.53,5.96,4.92,0.0,2049,1495.91,194.3,528.11,475.6,131.8,163.56,2.53,2049,302.51,105.2,0.01,1.64,31.59,124.11,11.11,16.84,0.0,0.09,11.92,2049,1230.85,461.37,245.58,137.46,298.03,87.11,1.3,2049,139.13,110.62,20.86,0.11,6.09,1.46,0.0,2049,118.28,86.4,20.63,6.86,3.73,0.65,0.0,2049,677.45,160.02,203.47,78.47,226.0,8.18,1.3,2049,296.0,104.33,0.08,0.62,62.21,76.82,24.14,21.27,1.71,0.08,4.73,2049,8885.59,3603.55,1527.78,1637.91,1107.72,996.52,12.11,2049,1150.97,861.79,189.57,10.73,66.57,22.32,0.0,2049,1249.69,836.38,179.47,188.45,21.84,23.55,0.0,2049,4506.31,1153.88,1153.95,1148.08,744.3,293.99,12.11,2049,1978.62,751.49,0.24,4.8,275.01,656.67,107.4,109.48,6.09,3.49,63.95,2049,283.1,139.83,47.06,40.31,31.23,24.65,0.02,2049,48.9,42.36,5.44,0.05,1.0,0.05,0.0,2049,39.57,29.76,6.17,2.89,0.65,0.11,0.0,2049,112.05,29.76,35.45,26.31,18.0,2.5,0.02,2049,82.58,37.95,0.01,0.0,11.57,21.99,2.8,5.42,0.0,0.07,2.78,2049,2519.56,1172.45,282.6,436.86,250.98,372.07,4.6,2049,384.61,278.8,75.65,1.64,15.54,12.97,0.0,2049,486.77,345.61,59.04,60.12,6.56,15.44,0.0,2049,938.47,276.71,147.02,291.65,146.74,71.76,4.6,2049,709.71,271.33,0.12,0.9,82.14,271.9,29.89,25.27,2.35,3.02,22.81,2049,1555.94,959.55,78.28,179.27,234.22,101.07,3.56,2049,277.15,247.4,4.86,0.76,23.75,0.37,0.0,2049,223.13,193.22,18.9,7.27,2.57,1.16,0.0,2049,704.67,378.13,53.16,113.07,148.05,8.7,3.56,2049,350.99,140.79,0.02,1.36,59.84,90.83,27.41,17.4,1.76,0.17,11.42,2049,615.96,170.95,198.15,114.98,49.36,82.53,0.0,2049,46.96,25.79,17.51,0.02,2.21,1.43,0.0,2049,55.19,30.87,17.62,4.0,1.91,0.78,0.0,2049,393.58,64.38,162.99,96.37,35.95,33.9,0.0,2049,120.23,49.91,0.0,0.03,9.28,46.42,0.79,9.43,0.0,0.02,4.35
2050,2191.43,495.31,621.67,598.49,176.93,296.4,2.64,2050,164.34,87.16,61.4,0.21,9.58,6.0,0.0,2050,261.05,100.81,48.71,100.82,5.87,4.84,0.0,2050,1464.36,199.21,509.92,465.43,129.79,157.37,2.64,2050,301.68,108.14,0.0,1.64,31.69,128.19,9.53,14.7,0.0,0.09,7.71,2050,1260.32,474.53,260.82,129.75,301.48,92.37,1.36,2050,139.45,112.11,19.97,0.1,5.79,1.48,0.0,2050,118.01,87.26,19.58,6.95,3.54,0.69,0.0,2050,702.77,166.69,220.65,78.97,226.89,8.2,1.36,2050,300.09,108.47,0.0,0.62,65.26,82.01,20.83,19.24,1.56,0.08,2.02,2050,8867.88,3653.14,1497.82,1564.31,1112.0,1028.96,11.65,2050,1142.16,865.22,178.36,9.94,64.2,24.44,0.0,2050,1247.82,841.99,166.56,190.36,21.31,27.6,0.0,2050,4504.63,1174.82,1148.11,1130.76,746.13,293.18,11.65,2050,1973.27,771.12,0.0,4.8,280.37,683.74,92.76,97.41,5.47,3.53,34.09,2050,282.71,141.5,46.08,37.85,31.53,25.73,0.02,2050,48.59,42.42,5.09,0.04,0.97,0.07,0.0,2050,39.0,29.65,5.68,2.89,0.63,0.15,0.0,2050,112.49,30.25,35.31,25.96,18.33,2.63,0.02,2050,82.62,39.18,0.0,0.0,11.6,22.88,2.42,4.91,0.0,0.07,1.57,2050,2510.2,1187.31,265.93,411.83,250.48,390.58,4.07,2050,382.06,280.1,70.4,1.5,15.04,15.01,0.0,2050,488.24,347.92,54.33,60.74,6.39,18.87,0.0,2050,933.62,282.27,140.3,286.23,146.46,74.29,4.07,2050,706.29,277.02,0.0,0.9,82.6,282.41,25.39,22.0,2.06,3.05,10.86,2050,1548.64,962.87,74.31,166.0,236.51,105.46,3.48,2050,274.23,245.95,4.51,0.69,22.66,0.42,0.0,2050,223.08,194.43,17.44,7.27,2.52,1.42,0.0,2050,704.27,378.66,51.0,111.79,149.87,9.47,3.48,2050,347.06,143.83,0.0,1.36,61.46,94.16,23.42,15.25,1.6,0.17,5.81,2050,624.79,175.11,200.74,112.32,50.26,86.36,0.0,2050,46.57,26.13,16.74,0.02,2.23,1.46,0.0,2050,54.08,30.77,16.37,4.03,1.9,1.0,0.0,2050,403.37,66.81,167.6,96.35,37.1,35.52,0.0,2050,120.77,51.41,0.0,0.03,9.03,48.38,0.68,8.43,0.0,0.02,2.8
